date,ticker,adj_close
2022-10-03,SPY,349.8431701660156
2022-10-03,EWJ,45.4178466796875
2022-10-03,EWY,44.53422164916992
2022-10-03,EZU,29.954267501831055
2022-10-03,TSM,65.53378295898438
2022-10-04,SPY,360.6836242675781
2022-10-04,EWJ,46.869972229003906
2022-10-04,EWY,46.63124465942383
2022-10-04,EZU,31.574155807495117
2022-10-04,TSM,68.90274047851562
2022-10-05,SPY,359.8439025878906
2022-10-05,EWJ,46.37680435180664
2022-10-05,EWY,45.8310661315918
2022-10-05,EZU,31.125709533691406
2022-10-05,TSM,70.48312377929688
2022-10-06,SPY,356.1318054199219
2022-10-06,EWJ,45.95669174194336
2022-10-06,EWY,46.180564880371094
2022-10-06,EZU,30.439315795898438
2022-10-06,TSM,70.36009979248047
2022-10-07,SPY,346.1979675292969
2022-10-07,EWJ,45.49091339111328
2022-10-07,EWY,45.39878463745117
2022-10-07,EZU,29.734617233276367
2022-10-07,TSM,66.00694274902344
2022-10-10,SPY,343.5545349121094
2022-10-10,EWJ,45.30825424194336
2022-10-10,EWY,44.791748046875
2022-10-10,EZU,29.624792098999023
2022-10-10,TSM,63.82091522216797
2022-10-11,SPY,341.37884521484375
2022-10-11,EWJ,44.84247589111328
2022-10-11,EWY,44.718170166015625
2022-10-11,EZU,29.24956703186035
2022-10-11,TSM,60.04502868652344
2022-10-12,SPY,340.2528076171875
2022-10-12,EWJ,44.513694763183594
2022-10-12,EWY,45.178043365478516
2022-10-12,EZU,29.15804672241211
2022-10-12,TSM,60.66960906982422
2022-10-13,SPY,349.232421875
2022-10-13,EWJ,44.90640640258789
2022-10-13,EWY,45.15045166015625
2022-10-13,EZU,30.018327713012695
2022-10-13,TSM,63.04492950439453
2022-10-14,SPY,341.27386474609375
2022-10-14,EWJ,44.257965087890625
2022-10-14,EWY,44.70896911621094
2022-10-14,EZU,29.606491088867188
2022-10-14,TSM,60.489803314208984
2022-10-17,SPY,350.0436096191406
2022-10-17,EWJ,44.70548629760742
2022-10-17,EWY,46.11618423461914
2022-10-17,EZU,30.668115615844727
2022-10-17,TSM,61.40775680541992
2022-10-18,SPY,354.156494140625
2022-10-18,EWJ,44.55022048950195
2022-10-18,EWY,46.1713752746582
2022-10-18,EZU,31.098255157470703
2022-10-18,TSM,60.29107666015625
2022-10-19,SPY,351.6467590332031
2022-10-19,EWJ,44.27623748779297
2022-10-19,EWY,45.57353210449219
2022-10-19,EZU,30.640661239624023
2022-10-19,TSM,60.2437629699707
2022-10-20,SPY,348.6980895996094
2022-10-20,EWJ,44.23970413208008
2022-10-20,EWY,45.56433868408203
2022-10-20,EZU,30.649812698364258
2022-10-20,TSM,60.16805648803711
2022-10-21,SPY,357.1719970703125
2022-10-21,EWJ,45.01599884033203
2022-10-21,EWY,46.30013656616211
2022-10-21,EZU,31.26299285888672
2022-10-21,TSM,60.328922271728516
2022-10-24,SPY,361.54248046875
2022-10-24,EWJ,44.723751068115234
2022-10-24,EWY,45.76668167114258
2022-10-24,EZU,31.546701431274414
2022-10-24,TSM,58.00094223022461
2022-10-25,SPY,367.3157958984375
2022-10-25,EWJ,45.74663543701172
2022-10-25,EWY,46.539268493652344
2022-10-25,EZU,32.33376693725586
2022-10-25,TSM,57.85899353027344
2022-10-26,SPY,364.5483703613281
2022-10-26,EWJ,46.01148986816406
2022-10-26,EWY,47.39463806152344
2022-10-26,EZU,32.66323471069336
2022-10-26,TSM,57.575096130371094
2022-10-27,SPY,362.6016845703125
2022-10-27,EWJ,45.43610763549805
2022-10-27,EWY,47.367042541503906
2022-10-27,EZU,32.32461166381836
2022-10-27,TSM,57.67919158935547
2022-10-28,SPY,371.228271484375
2022-10-28,EWJ,45.92015075683594
2022-10-28,EWY,47.66136169433594
2022-10-28,EZU,32.6998405456543
2022-10-28,TSM,58.682308197021484
2022-10-31,SPY,368.54681396484375
2022-10-31,EWJ,45.65530776977539
2022-10-31,EWY,47.652164459228516
2022-10-31,EZU,32.223941802978516
2022-10-31,TSM,58.246986389160156
2022-11-01,SPY,366.93402099609375
2022-11-01,EWJ,46.00235366821289
2022-11-01,EWY,48.47993469238281
2022-11-01,EZU,32.498497009277344
2022-11-01,TSM,58.27538299560547
2022-11-02,SPY,357.7253723144531
2022-11-02,EWJ,45.70096206665039
2022-11-02,EWY,47.58778762817383
2022-11-02,EZU,31.738893508911133
2022-11-02,TSM,57.27226638793945
2022-11-03,SPY,354.0419616699219
2022-11-03,EWJ,45.57310485839844
2022-11-03,EWY,47.85450744628906
2022-11-03,EZU,31.4185733795166
2022-11-03,TSM,57.04513931274414
2022-11-04,SPY,359.13775634765625
2022-11-04,EWJ,46.45899200439453
2022-11-04,EWY,49.60203552246094
2022-11-04,EZU,33.05677032470703
2022-11-04,TSM,59.12708282470703
2022-11-07,SPY,362.5731201171875
2022-11-07,EWJ,46.723846435546875
2022-11-07,EWY,50.319435119628906
2022-11-07,EZU,33.29472351074219
2022-11-07,TSM,59.392051696777344
2022-11-08,SPY,364.52935791015625
2022-11-08,EWJ,47.39968490600586
2022-11-08,EWY,51.43233108520508
2022-11-08,EZU,33.70655822753906
2022-11-08,TSM,61.53077697753906
2022-11-09,SPY,357.019287109375
2022-11-09,EWJ,46.59599304199219
2022-11-09,EWY,51.3587532043457
2022-11-09,EZU,33.29472351074219
2022-11-09,TSM,61.5118522644043
2022-11-10,SPY,376.63897705078125
2022-11-10,EWJ,49.19886016845703
2022-11-10,EWY,53.69491195678711
2022-11-10,EZU,35.25323486328125
2022-11-10,TSM,67.0384521484375
2022-11-11,SPY,380.2842712402344
2022-11-11,EWJ,50.17607879638672
2022-11-11,EWY,55.8563232421875
2022-11-11,EZU,36.15011978149414
2022-11-11,TSM,69.86801147460938
2022-11-14,SPY,377.04931640625
2022-11-14,EWJ,49.49111557006836
2022-11-14,EWY,54.7894172668457
2022-11-14,EZU,35.80234146118164
2022-11-14,TSM,68.89327239990234
2022-11-15,SPY,380.2651672363281
2022-11-15,EWJ,49.81990051269531
2022-11-15,EWY,55.516014099121094
2022-11-15,EZU,36.02199935913086
2022-11-15,TSM,76.14220428466797
2022-11-16,SPY,377.36419677734375
2022-11-16,EWJ,49.64636993408203
2022-11-16,EWY,53.869667053222656
2022-11-16,EZU,36.02199935913086
2022-11-16,TSM,75.18640899658203
2022-11-17,SPY,376.2095031738281
2022-11-17,EWJ,49.55504608154297
2022-11-17,EWY,53.051090240478516
2022-11-17,EZU,36.0494499206543
2022-11-17,TSM,77.10748291015625
2022-11-18,SPY,377.91766357421875
2022-11-18,EWJ,49.536781311035156
2022-11-18,EWY,53.391395568847656
2022-11-18,EZU,36.159271240234375
2022-11-18,TSM,77.85506439208984
2022-11-21,SPY,376.54351806640625
2022-11-21,EWJ,49.134925842285156
2022-11-21,EWY,51.92899703979492
2022-11-21,EZU,35.82065200805664
2022-11-21,TSM,75.64065551757812
2022-11-22,SPY,381.61065673828125
2022-11-22,EWJ,50.18521499633789
2022-11-22,EWY,52.29689407348633
2022-11-22,EZU,36.28740310668945
2022-11-22,TSM,78.110595703125
2022-11-23,SPY,384.0155334472656
2022-11-23,EWJ,50.76058578491211
2022-11-23,EWY,53.29942321777344
2022-11-23,EZU,36.589412689208984
2022-11-23,TSM,77.57118225097656
2022-11-25,SPY,383.92950439453125
2022-11-25,EWJ,51.107635498046875
2022-11-25,EWY,53.22583770751953
2022-11-25,EZU,36.79075241088867
2022-11-25,TSM,77.0317611694336
2022-11-28,SPY,377.80322265625
2022-11-28,EWJ,50.71492004394531
2022-11-28,EWY,52.27850341796875
2022-11-28,EZU,36.20502853393555
2022-11-28,TSM,74.96874237060547
2022-11-29,SPY,377.1542053222656
2022-11-29,EWJ,50.404396057128906
2022-11-29,EWY,53.67652130126953
2022-11-29,EZU,36.31486129760742
2022-11-29,TSM,75.0728530883789
2022-11-30,SPY,389.0348815917969
2022-11-30,EWJ,50.961509704589844
2022-11-30,EWY,55.828731536865234
2022-11-30,EZU,37.10192108154297
2022-11-30,TSM,78.5269775390625
2022-12-01,SPY,388.7486267089844
2022-12-01,EWJ,51.30855941772461
2022-12-01,EWY,55.470027923583984
2022-12-01,EZU,37.422237396240234
2022-12-01,TSM,78.24307250976562
2022-12-02,SPY,388.300048828125
2022-12-02,EWJ,51.08024215698242
2022-12-02,EWY,54.66984558105469
2022-12-02,EZU,37.431392669677734
2022-12-02,TSM,77.12638854980469
2022-12-05,SPY,381.3148498535156
2022-12-05,EWJ,50.011688232421875
2022-12-05,EWY,53.400596618652344
2022-12-05,EZU,37.001251220703125
2022-12-05,TSM,77.23995208740234
2022-12-06,SPY,375.8182678222656
2022-12-06,EWJ,49.85643005371094
2022-12-06,EWY,52.49924087524414
2022-12-06,EZU,36.77245330810547
2022-12-06,TSM,75.29048919677734
2022-12-07,SPY,375.178955078125
2022-12-07,EWJ,50.00255584716797
2022-12-07,EWY,52.784358978271484
2022-12-07,EZU,36.86397171020508
2022-12-07,TSM,74.98767852783203
2022-12-08,SPY,378.11810302734375
2022-12-08,EWJ,50.31307601928711
2022-12-08,EWY,52.995906829833984
2022-12-08,EZU,36.97379684448242
2022-12-08,TSM,76.4639663696289
2022-12-09,SPY,375.2934265136719
2022-12-09,EWJ,50.46833038330078
2022-12-09,EWY,53.382198333740234
2022-12-09,EZU,36.90973663330078
2022-12-09,TSM,76.35987854003906
2022-12-12,SPY,380.7041320800781
2022-12-12,EWJ,50.45920181274414
2022-12-12,EWY,53.529361724853516
2022-12-12,EZU,37.0836181640625
2022-12-12,TSM,76.11383819580078
2022-12-13,SPY,383.58599853515625
2022-12-13,EWJ,51.18598556518555
2022-12-13,EWY,54.22473907470703
2022-12-13,EZU,37.676475524902344
2022-12-13,TSM,76.18952178955078
2022-12-14,SPY,381.133544921875
2022-12-14,EWJ,51.14021682739258
2022-12-14,EWY,54.001319885253906
2022-12-14,EZU,37.64889907836914
2022-12-14,TSM,75.72582244873047
2022-12-15,SPY,371.8103942871094
2022-12-15,EWJ,49.89535140991211
2022-12-15,EWY,51.66476821899414
2022-12-15,EZU,36.536712646484375
2022-12-15,TSM,73.86143493652344
2022-12-16,SPY,367.4207458496094
2022-12-16,EWJ,49.93196487426758
2022-12-16,EWY,52.41880416870117
2022-12-16,EZU,36.10470962524414
2022-12-16,TSM,72.6147232055664
2022-12-19,SPY,364.3050842285156
2022-12-19,EWJ,49.611595153808594
2022-12-19,EWY,52.73530197143555
2022-12-19,EZU,36.10470962524414
2022-12-19,TSM,72.42438507080078
2022-12-20,SPY,364.80364990234375
2022-12-20,EWJ,50.31640625
2022-12-20,EWY,53.47071075439453
2022-12-20,EZU,36.18743133544922
2022-12-20,TSM,71.96756744384766
2022-12-21,SPY,370.2584228515625
2022-12-21,EWJ,50.24318313598633
2022-12-21,EWY,53.359004974365234
2022-12-21,EZU,36.674591064453125
2022-12-21,TSM,73.41413116455078
2022-12-22,SPY,364.9761657714844
2022-12-22,EWJ,50.09672164916992
2022-12-22,EWY,52.96803283691406
2022-12-22,EZU,36.31611633300781
2022-12-22,TSM,71.64397430419922
2022-12-23,SPY,367.07568359375
2022-12-23,EWJ,50.13333511352539
2022-12-23,EWY,53.09835433959961
2022-12-23,EZU,36.352882385253906
2022-12-23,TSM,71.27281188964844
2022-12-27,SPY,365.6280212402344
2022-12-27,EWJ,49.904502868652344
2022-12-27,EWY,53.666202545166016
2022-12-27,EZU,36.444801330566406
2022-12-27,TSM,70.73035430908203
2022-12-28,SPY,361.08404541015625
2022-12-28,EWJ,49.30952835083008
2022-12-28,EWY,52.69806671142578
2022-12-28,EZU,36.05875015258789
2022-12-28,TSM,69.53120422363281
2022-12-29,SPY,367.5837097167969
2022-12-29,EWJ,50.22486877441406
2022-12-29,EWY,53.182132720947266
2022-12-29,EZU,36.73893356323242
2022-12-29,TSM,72.3292007446289
2022-12-30,SPY,366.615478515625
2022-12-30,EWJ,49.831275939941406
2022-12-30,EWY,52.577049255371094
2022-12-30,EZU,36.28853988647461
2022-12-30,TSM,70.89213562011719
2023-01-03,SPY,365.07208251953125
2023-01-03,EWJ,50.06926345825195
2023-01-03,EWY,51.599609375
2023-01-03,EZU,36.77569580078125
2023-01-03,TSM,70.45435333251953
2023-01-04,SPY,367.8905029296875
2023-01-04,EWJ,49.57497787475586
2023-01-04,EWY,53.638275146484375
2023-01-04,EZU,37.75920486450195
2023-01-04,TSM,72.63375091552734
2023-01-05,SPY,363.691650390625
2023-01-05,EWJ,48.906776428222656
2023-01-05,EWY,53.0704231262207
2023-01-05,EZU,37.41910934448242
2023-01-05,TSM,72.07225799560547
2023-01-06,SPY,372.0318603515625
2023-01-06,EWJ,50.13333511352539
2023-01-06,EWY,55.751407623291016
2023-01-06,EZU,38.47614288330078
2023-01-06,TSM,74.2992172241211
2023-01-09,SPY,371.8209228515625
2023-01-09,EWJ,50.24318313598633
2023-01-09,EWY,56.92434310913086
2023-01-09,EZU,38.86219787597656
2023-01-09,TSM,76.43102264404297
2023-01-10,SPY,374.42840576171875
2023-01-10,EWJ,50.124183654785156
2023-01-10,EWY,57.11051940917969
2023-01-10,EZU,39.17470932006836
2023-01-10,TSM,77.34466552734375
2023-01-11,SPY,379.1641845703125
2023-01-11,EWJ,50.526939392089844
2023-01-11,EWY,57.259464263916016
2023-01-11,EZU,39.5975341796875
2023-01-11,TSM,77.83003234863281
2023-01-12,SPY,380.5445556640625
2023-01-12,EWJ,51.744346618652344
2023-01-12,EWY,57.67836380004883
2023-01-12,EZU,40.176597595214844
2023-01-12,TSM,82.79790496826172
2023-01-13,SPY,382.02093505859375
2023-01-13,EWJ,51.964027404785156
2023-01-13,EWY,58.1065788269043
2023-01-13,EZU,40.369625091552734
2023-01-13,TSM,82.6075668334961
2023-01-17,SPY,381.3211669921875
2023-01-17,EWJ,52.45831298828125
2023-01-17,EWY,57.948326110839844
2023-01-17,EZU,40.29608917236328
2023-01-17,TSM,84.6917724609375
2023-01-18,SPY,375.30084228515625
2023-01-18,EWJ,52.38508224487305
2023-01-18,EWY,57.08259201049805
2023-01-18,EZU,40.0662956237793
2023-01-18,TSM,85.14859771728516
2023-01-19,SPY,372.5687255859375
2023-01-19,EWJ,52.35762405395508
2023-01-19,EWY,57.87385177612305
2023-01-19,EZU,39.8181266784668
2023-01-19,TSM,84.13030242919922
2023-01-20,SPY,379.50933837890625
2023-01-20,EWJ,52.95259475708008
2023-01-20,EWY,58.86991500854492
2023-01-20,EZU,40.21336364746094
2023-01-20,TSM,86.63325500488281
2023-01-23,SPY,384.0628967285156
2023-01-23,EWJ,52.80613708496094
2023-01-23,EWY,59.48430633544922
2023-01-23,EZU,40.48911666870117
2023-01-23,TSM,91.03963470458984
2023-01-24,SPY,383.6506652832031
2023-01-24,EWJ,53.16312789916992
2023-01-24,EWY,59.30743408203125
2023-01-24,EZU,40.4983024597168
2023-01-24,TSM,89.99275207519531
2023-01-25,SPY,383.7944030761719
2023-01-25,EWJ,53.80385971069336
2023-01-25,EWY,59.44706726074219
2023-01-25,EZU,40.709712982177734
2023-01-25,TSM,87.94660949707031
2023-01-26,SPY,388.0124816894531
2023-01-26,EWJ,53.69402313232422
2023-01-26,EWY,60.592071533203125
2023-01-26,EZU,40.829200744628906
2023-01-26,TSM,88.93637084960938
2023-01-27,SPY,388.90399169921875
2023-01-27,EWJ,53.840476989746094
2023-01-27,EWY,60.88996505737305
2023-01-27,EZU,40.68213653564453
2023-01-27,TSM,88.79362487792969
2023-01-30,SPY,384.0245056152344
2023-01-30,EWJ,53.52010726928711
2023-01-30,EWY,59.549468994140625
2023-01-30,EZU,40.37881088256836
2023-01-30,TSM,88.63182067871094
2023-01-31,SPY,389.67095947265625
2023-01-31,EWJ,53.70317459106445
2023-01-31,EWY,59.084022521972656
2023-01-31,EZU,40.755672454833984
2023-01-31,TSM,88.25115203857422
2023-02-01,SPY,393.812255859375
2023-02-01,EWJ,53.88624572753906
2023-02-01,EWY,60.61069107055664
2023-02-01,EZU,41.35313034057617
2023-02-01,TSM,90.1640625
2023-02-02,SPY,399.54498291015625
2023-02-02,EWJ,53.758094787597656
2023-02-02,EWY,60.601383209228516
2023-02-02,EZU,41.592105865478516
2023-02-02,TSM,91.98181915283203
2023-02-03,SPY,395.2981872558594
2023-02-03,EWJ,53.14481735229492
2023-02-03,EWY,59.018863677978516
2023-02-03,EZU,41.09575653076172
2023-02-03,TSM,90.08792877197266
2023-02-06,SPY,392.88238525390625
2023-02-06,EWJ,52.65968704223633
2023-02-06,EWY,57.33393478393555
2023-02-06,EZU,40.562644958496094
2023-02-06,TSM,87.39461517333984
2023-02-07,SPY,398.020751953125
2023-02-07,EWJ,53.42857360839844
2023-02-07,EWY,58.41377639770508
2023-02-07,EZU,40.79243850708008
2023-02-07,TSM,89.98324584960938
2023-02-08,SPY,393.6684875488281
2023-02-08,EWJ,52.84275436401367
2023-02-08,EWY,58.56271743774414
2023-02-08,EZU,40.53506851196289
2023-02-08,TSM,89.72627258300781
2023-02-09,SPY,390.2557067871094
2023-02-09,EWJ,52.89767837524414
2023-02-09,EWY,58.3858528137207
2023-02-09,EZU,40.69133377075195
2023-02-09,TSM,92.0198745727539
2023-02-10,SPY,391.16644287109375
2023-02-10,EWJ,53.199737548828125
2023-02-10,EWY,58.16243362426758
2023-02-10,EZU,40.25932312011719
2023-02-10,TSM,90.7636489868164
2023-02-13,SPY,395.75830078125
2023-02-13,EWJ,53.172279357910156
2023-02-13,EWY,58.283451080322266
2023-02-13,EZU,40.80162811279297
2023-02-13,TSM,91.46788787841797
2023-02-14,SPY,395.576171875
2023-02-14,EWJ,52.90682601928711
2023-02-14,EWY,58.274139404296875
2023-02-14,EZU,41.02223205566406
2023-02-14,TSM,93.22853088378906
2023-02-15,SPY,396.8608093261719
2023-02-15,EWJ,52.38508224487305
2023-02-15,EWY,56.58921813964844
2023-02-15,EZU,41.1141471862793
2023-02-15,TSM,88.27970123291016
2023-02-16,SPY,391.3965148925781
2023-02-16,EWJ,52.2111701965332
2023-02-16,EWY,57.203609466552734
2023-02-16,EZU,40.9854621887207
2023-02-16,TSM,86.43340301513672
2023-02-17,SPY,390.4186706542969
2023-02-17,EWJ,52.1928596496582
2023-02-17,EWY,56.682308197021484
2023-02-17,EZU,41.1141471862793
2023-02-17,TSM,85.74817657470703
2023-02-21,SPY,382.5865783691406
2023-02-21,EWJ,51.552120208740234
2023-02-21,EWY,55.956207275390625
2023-02-21,EZU,40.40638732910156
2023-02-21,TSM,83.40699005126953
2023-02-22,SPY,382.059326171875
2023-02-22,EWJ,51.16767883300781
2023-02-22,EWY,55.406978607177734
2023-02-22,EZU,40.19498825073242
2023-02-22,TSM,82.6361312866211
2023-02-23,SPY,384.0916442871094
2023-02-23,EWJ,51.68027114868164
2023-02-23,EWY,56.3378791809082
2023-02-23,EZU,40.53506851196289
2023-02-23,TSM,85.72913360595703
2023-02-24,SPY,379.98858642578125
2023-02-24,EWJ,50.91138458251953
2023-02-24,EWY,54.55986022949219
2023-02-24,EZU,39.65267562866211
2023-02-24,TSM,83.85430145263672
2023-02-27,SPY,381.2828063964844
2023-02-27,EWJ,51.396514892578125
2023-02-27,EWY,54.662261962890625
2023-02-27,EZU,40.32366180419922
2023-02-27,TSM,83.08341217041016
2023-02-28,SPY,379.87359619140625
2023-02-28,EWJ,51.204288482666016
2023-02-28,EWY,54.457462310791016
2023-02-28,EZU,40.05711364746094
2023-02-28,TSM,82.86451721191406
2023-03-01,SPY,378.41644287109375
2023-03-01,EWJ,51.28667068481445
2023-03-01,EWY,55.500064849853516
2023-03-01,EZU,40.32366180419922
2023-03-01,TSM,84.14933013916016
2023-03-02,SPY,381.3594055175781
2023-03-02,EWJ,51.34159469604492
2023-03-02,EWY,55.258033752441406
2023-03-02,EZU,40.360435485839844
2023-03-02,TSM,84.7298583984375
2023-03-03,SPY,387.4756774902344
2023-03-03,EWJ,52.52238464355469
2023-03-03,EWY,56.4123420715332
2023-03-03,EZU,41.00384521484375
2023-03-03,TSM,85.4531478881836
2023-03-06,SPY,387.7440490722656
2023-03-06,EWJ,52.52238464355469
2023-03-06,EWY,56.533363342285156
2023-03-06,EZU,41.02223205566406
2023-03-06,TSM,85.25328063964844
2023-03-07,SPY,381.8004455566406
2023-03-07,EWJ,52.05555725097656
2023-03-07,EWY,54.950836181640625
2023-03-07,EZU,40.268516540527344
2023-03-07,TSM,84.55854797363281
2023-03-08,SPY,382.4235534667969
2023-03-08,EWJ,52.69630432128906
2023-03-08,EWY,55.09978485107422
2023-03-08,EZU,40.40638732910156
2023-03-08,TSM,86.44290161132812
2023-03-09,SPY,375.367919921875
2023-03-09,EWJ,52.604766845703125
2023-03-09,EWY,53.74998474121094
2023-03-09,EZU,39.946807861328125
2023-03-09,TSM,84.58710479736328
2023-03-10,SPY,369.95159912109375
2023-03-10,EWJ,51.973175048828125
2023-03-10,EWY,53.77791213989258
2023-03-10,EZU,39.62510681152344
2023-03-10,TSM,83.03582763671875
2023-03-13,SPY,369.4242858886719
2023-03-13,EWJ,51.4788932800293
2023-03-13,EWY,54.9415283203125
2023-03-13,EZU,39.20228576660156
2023-03-13,TSM,83.50215911865234
2023-03-14,SPY,375.5308837890625
2023-03-14,EWJ,51.33243942260742
2023-03-14,EWY,54.215431213378906
2023-03-14,EZU,39.98357391357422
2023-03-14,TSM,84.97730255126953
2023-03-15,SPY,373.1822204589844
2023-03-15,EWJ,50.288944244384766
2023-03-15,EWY,53.340389251708984
2023-03-15,EZU,38.411808013916016
2023-03-15,TSM,82.51239776611328
2023-03-16,SPY,379.729736328125
2023-03-16,EWJ,51.31413269042969
2023-03-16,EWY,54.96945571899414
2023-03-16,EZU,39.082794189453125
2023-03-16,TSM,85.42922973632812
2023-03-17,SPY,375.2896728515625
2023-03-17,EWJ,50.99375915527344
2023-03-17,EWY,54.29921340942383
2023-03-17,EZU,38.466957092285156
2023-03-17,TSM,85.59185791015625
2023-03-20,SPY,378.8982849121094
2023-03-20,EWJ,51.735191345214844
2023-03-20,EWY,54.74604034423828
2023-03-20,EZU,39.21147918701172
2023-03-20,TSM,86.13716125488281
2023-03-21,SPY,383.87347412109375
2023-03-21,EWJ,52.05555725097656
2023-03-21,EWY,55.04393005371094
2023-03-21,EZU,40.0662956237793
2023-03-21,TSM,88.49053955078125
2023-03-22,SPY,377.32977294921875
2023-03-22,EWJ,51.90910339355469
2023-03-22,EWY,55.379051208496094
2023-03-22,EZU,39.91004180908203
2023-03-22,TSM,88.60530853271484
2023-03-23,SPY,378.349853515625
2023-03-23,EWJ,52.137943267822266
2023-03-23,EWY,56.29133224487305
2023-03-23,EZU,39.946807861328125
2023-03-23,TSM,90.48994445800781
2023-03-24,SPY,380.8325500488281
2023-03-24,EWJ,52.29355239868164
2023-03-24,EWY,55.56523132324219
2023-03-24,EZU,39.52399826049805
2023-03-24,TSM,88.7679443359375
2023-03-27,SPY,381.5447082519531
2023-03-27,EWJ,52.52238464355469
2023-03-27,EWY,55.379051208496094
2023-03-27,EZU,39.91923141479492
2023-03-27,TSM,86.73028564453125
2023-03-28,SPY,380.688232421875
2023-03-28,EWJ,52.623069763183594
2023-03-28,EWY,55.88173294067383
2023-03-28,EZU,39.97438049316406
2023-03-28,TSM,86.87377166748047
2023-03-29,SPY,386.2214660644531
2023-03-29,EWJ,52.8244514465332
2023-03-29,EWY,55.85380935668945
2023-03-29,EZU,40.663753509521484
2023-03-29,TSM,88.73926544189453
2023-03-30,SPY,388.48291015625
2023-03-30,EWJ,53.071590423583984
2023-03-30,EWY,56.486820220947266
2023-03-30,EZU,41.32555389404297
2023-03-30,TSM,88.46184539794922
2023-03-31,SPY,393.9584655761719
2023-03-31,EWJ,53.72148513793945
2023-03-31,EWY,56.989501953125
2023-03-31,EZU,41.43585205078125
2023-03-31,TSM,88.98796844482422
2023-04-03,SPY,395.4596862792969
2023-04-03,EWJ,53.968624114990234
2023-04-03,EWY,56.654380798339844
2023-04-03,EZU,41.70240783691406
2023-04-03,TSM,88.81578826904297
2023-04-04,SPY,393.26556396484375
2023-04-04,EWJ,53.950321197509766
2023-04-04,EWY,56.36580276489258
2023-04-04,EZU,41.77593994140625
2023-04-04,TSM,88.17481231689453
2023-04-05,SPY,392.2359313964844
2023-04-05,EWJ,53.14481735229492
2023-04-05,EWY,56.430965423583984
2023-04-05,EZU,41.490997314453125
2023-04-05,TSM,86.29021453857422
2023-04-06,SPY,393.76593017578125
2023-04-06,EWJ,52.915985107421875
2023-04-06,EWY,55.81657028198242
2023-04-06,EZU,41.7575569152832
2023-04-06,TSM,86.32848358154297
2023-04-10,SPY,394.17010498046875
2023-04-10,EWJ,52.80613708496094
2023-04-10,EWY,57.0267333984375
2023-04-10,EZU,41.77593994140625
2023-04-10,TSM,85.16136169433594
2023-04-11,SPY,394.2760314941406
2023-04-11,EWJ,52.98006057739258
2023-04-11,EWY,57.73421859741211
2023-04-11,EZU,41.87705612182617
2023-04-11,TSM,85.37183380126953
2023-04-12,SPY,392.66888427734375
2023-04-12,EWJ,53.15397262573242
2023-04-12,EWY,57.86454772949219
2023-04-12,EZU,42.20794677734375
2023-04-12,TSM,83.10456848144531
2023-04-13,SPY,397.8846130371094
2023-04-13,EWJ,53.8953971862793
2023-04-13,EWY,59.58670425415039
2023-04-13,EZU,42.741065979003906
2023-04-13,TSM,83.27676391601562
2023-04-14,SPY,396.9127197265625
2023-04-14,EWJ,53.49264907836914
2023-04-14,EWY,58.972312927246094
2023-04-14,EZU,42.66753005981445
2023-04-14,TSM,83.42024993896484
2023-04-17,SPY,398.3369140625
2023-04-17,EWJ,53.648258209228516
2023-04-17,EWY,58.48824691772461
2023-04-17,EZU,42.345821380615234
2023-04-17,TSM,84.17601776123047
2023-04-18,SPY,398.59674072265625
2023-04-18,EWJ,53.968624114990234
2023-04-18,EWY,58.61857223510742
2023-04-18,EZU,42.67672348022461
2023-04-18,TSM,84.31951904296875
2023-04-19,SPY,398.5293884277344
2023-04-19,EWJ,53.538414001464844
2023-04-19,EWY,58.05072784423828
2023-04-19,EZU,42.67672348022461
2023-04-19,TSM,83.448974609375
2023-04-20,SPY,396.3546142578125
2023-04-20,EWJ,53.71233367919922
2023-04-20,EWY,57.86454772949219
2023-04-20,EZU,42.51127243041992
2023-04-20,TSM,85.41966247558594
2023-04-21,SPY,396.6624755859375
2023-04-21,EWJ,54.0143928527832
2023-04-21,EWY,57.30601119995117
2023-04-21,EZU,42.823787689208984
2023-04-21,TSM,81.66958618164062
2023-04-24,SPY,397.0763244628906
2023-04-24,EWJ,53.986934661865234
2023-04-24,EWY,56.93364715576172
2023-04-24,EZU,42.9984245300293
2023-04-24,TSM,80.97122192382812
2023-04-25,SPY,390.773193359375
2023-04-25,EWJ,53.61164093017578
2023-04-25,EWY,55.32319641113281
2023-04-25,EZU,42.23552703857422
2023-04-25,TSM,78.72308349609375
2023-04-26,SPY,389.1180419921875
2023-04-26,EWJ,53.41941452026367
2023-04-26,EWY,55.63039016723633
2023-04-26,EZU,42.345821380615234
2023-04-26,TSM,78.68482208251953
2023-04-27,SPY,396.8646545410156
2023-04-27,EWJ,54.28900146484375
2023-04-27,EWY,56.34718322753906
2023-04-27,EZU,42.83298110961914
2023-04-27,TSM,80.04325103759766
2023-04-28,SPY,400.25189208984375
2023-04-28,EWJ,53.858787536621094
2023-04-28,EWY,56.477508544921875
2023-04-28,EZU,42.75944137573242
2023-04-28,TSM,80.64595031738281
2023-05-01,SPY,399.8477478027344
2023-05-01,EWJ,53.79471206665039
2023-05-01,EWY,56.10514831542969
2023-05-01,EZU,42.777828216552734
2023-05-01,TSM,80.33982849121094
2023-05-02,SPY,395.3537902832031
2023-05-02,EWJ,53.34619140625
2023-05-02,EWY,56.22616958618164
2023-05-02,EZU,42.2263298034668
2023-05-02,TSM,79.36404418945312
2023-05-03,SPY,392.6400451660156
2023-05-03,EWJ,53.666561126708984
2023-05-03,EWY,55.928279876708984
2023-05-03,EZU,42.309059143066406
2023-05-03,TSM,79.11531066894531
2023-05-04,SPY,389.8589782714844
2023-05-04,EWJ,53.767250061035156
2023-05-04,EWY,56.37511444091797
2023-05-04,EZU,42.12522506713867
2023-05-04,TSM,79.87108612060547
2023-05-05,SPY,397.0763244628906
2023-05-05,EWJ,54.4903678894043
2023-05-05,EWY,57.33393478393555
2023-05-05,EZU,42.741065979003906
2023-05-05,TSM,81.28691864013672
2023-05-08,SPY,397.1821594238281
2023-05-08,EWJ,54.37137222290039
2023-05-08,EWY,57.296695709228516
2023-05-08,EZU,42.7134895324707
2023-05-08,TSM,81.83220672607422
2023-05-09,SPY,395.4404602050781
2023-05-09,EWJ,54.95719909667969
2023-05-09,EWY,56.76608657836914
2023-05-09,EZU,42.336631774902344
2023-05-09,TSM,81.37300872802734
2023-05-10,SPY,397.28802490234375
2023-05-10,EWJ,54.68259811401367
2023-05-10,EWY,56.84056091308594
2023-05-10,EZU,42.31824493408203
2023-05-10,TSM,81.2199478149414
2023-05-11,SPY,396.5951843261719
2023-05-11,EWJ,54.838199615478516
2023-05-11,EWY,55.909664154052734
2023-05-11,EZU,42.14360809326172
2023-05-11,TSM,79.81366729736328
2023-05-12,SPY,396.0755310058594
2023-05-12,EWJ,55.10365295410156
2023-05-12,EWY,55.174251556396484
2023-05-12,EZU,42.014923095703125
2023-05-12,TSM,79.81366729736328
2023-05-15,SPY,397.4419860839844
2023-05-15,EWJ,55.43317413330078
2023-05-15,EWY,56.0586051940918
2023-05-15,EZU,42.2263298034668
2023-05-15,TSM,81.94701385498047
2023-05-16,SPY,394.7859802246094
2023-05-16,EWJ,55.32332992553711
2023-05-16,EWY,55.47214126586914
2023-05-16,EZU,41.88624572753906
2023-05-16,TSM,82.157470703125
2023-05-17,SPY,399.5783386230469
2023-05-17,EWJ,55.69862365722656
2023-05-17,EWY,56.533363342285156
2023-05-17,EZU,42.16199493408203
2023-05-17,TSM,86.94074249267578
2023-05-18,SPY,403.42755126953125
2023-05-18,EWJ,55.70778274536133
2023-05-18,EWY,56.97088623046875
2023-05-18,EZU,42.18037033081055
2023-05-18,TSM,88.63402557373047
2023-05-19,SPY,402.84051513671875
2023-05-19,EWJ,55.799312591552734
2023-05-19,EWY,57.76214599609375
2023-05-19,EZU,42.456119537353516
2023-05-19,TSM,88.56704711914062
2023-05-22,SPY,403.0041809082031
2023-05-22,EWJ,56.04645538330078
2023-05-22,EWY,58.748897552490234
2023-05-22,EZU,42.483699798583984
2023-05-22,TSM,87.74433898925781
2023-05-23,SPY,398.4812927246094
2023-05-23,EWJ,55.24095153808594
2023-05-23,EWY,58.04141616821289
2023-05-23,EZU,41.74836730957031
2023-05-23,TSM,86.51980590820312
2023-05-24,SPY,395.5943908691406
2023-05-24,EWJ,54.65513229370117
2023-05-24,EWY,58.04141616821289
2023-05-24,EZU,41.086570739746094
2023-05-24,TSM,86.22325134277344
2023-05-25,SPY,399.0201721191406
2023-05-25,EWJ,54.96635437011719
2023-05-25,EWY,57.76214599609375
2023-05-25,EZU,41.086570739746094
2023-05-25,TSM,96.5742416381836
2023-05-26,SPY,404.1877746582031
2023-05-26,EWJ,55.14942169189453
2023-05-26,EWY,58.739585876464844
2023-05-26,EZU,41.55534362792969
2023-05-26,TSM,98.73629760742188
2023-05-30,SPY,404.3417053222656
2023-05-30,EWJ,54.79243087768555
2023-05-30,EWY,59.05609130859375
2023-05-30,EZU,41.160099029541016
2023-05-30,TSM,97.55960083007812
2023-05-31,SPY,402.0995788574219
2023-05-31,EWJ,54.31645202636719
2023-05-31,EWY,58.44170379638672
2023-05-31,EZU,40.562644958496094
2023-05-31,TSM,94.31653594970703
2023-06-01,SPY,405.9199523925781
2023-06-01,EWJ,55.68031692504883
2023-06-01,EWY,59.35397720336914
2023-06-01,EZU,41.13252639770508
2023-06-01,TSM,94.55571746826172
2023-06-02,SPY,411.7900085449219
2023-06-02,EWJ,56.75127029418945
2023-06-02,EWY,60.6572380065918
2023-06-02,EZU,41.564537048339844
2023-06-02,TSM,94.65138244628906
2023-06-05,SPY,411.00091552734375
2023-06-05,EWJ,56.549896240234375
2023-06-05,EWY,60.62930679321289
2023-06-05,EZU,41.196868896484375
2023-06-05,TSM,93.79995727539062
2023-06-06,SPY,411.8957824707031
2023-06-06,EWJ,57.70323181152344
2023-06-06,EWY,61.159912109375
2023-06-06,EZU,41.31636428833008
2023-06-06,TSM,95.49324035644531
2023-06-07,SPY,410.4715881347656
2023-06-07,EWJ,56.22030258178711
2023-06-07,EWY,60.28487777709961
2023-06-07,EZU,41.17766189575195
2023-06-07,TSM,95.94286346435547
2023-06-08,SPY,412.95440673828125
2023-06-08,EWJ,56.699554443359375
2023-06-08,EWY,61.1226921081543
2023-06-08,EZU,41.69308853149414
2023-06-08,TSM,95.60803985595703
2023-06-09,SPY,413.6953430175781
2023-06-09,EWJ,57.34470748901367
2023-06-09,EWY,62.07219696044922
2023-06-09,EZU,41.440059661865234
2023-06-09,TSM,98.34405517578125
2023-06-12,SPY,417.44830322265625
2023-06-12,EWJ,57.70414733886719
2023-06-12,EWY,62.03496551513672
2023-06-12,EZU,41.82428741455078
2023-06-12,TSM,102.41941833496094
2023-06-13,SPY,420.2005310058594
2023-06-13,EWJ,58.53363037109375
2023-06-13,EWY,62.844844818115234
2023-06-13,EZU,42.133541107177734
2023-06-13,TSM,102.17069244384766
2023-06-14,SPY,420.7009582519531
2023-06-14,EWJ,58.8009033203125
2023-06-14,EWY,62.25838088989258
2023-06-14,EZU,42.377197265625
2023-06-14,TSM,102.7542495727539
2023-06-15,SPY,425.9166259765625
2023-06-15,EWJ,58.71795654296875
2023-06-15,EWY,62.40732192993164
2023-06-15,EZU,42.89262008666992
2023-06-15,TSM,101.04234313964844
2023-06-16,SPY,424.46588134765625
2023-06-16,EWJ,58.15575408935547
2023-06-16,EWY,61.88602066040039
2023-06-16,EZU,42.92073059082031
2023-06-16,TSM,100.45633697509766
2023-06-20,SPY,422.263671875
2023-06-20,EWJ,57.35392379760742
2023-06-20,EWY,60.67585372924805
2023-06-20,EZU,42.414676666259766
2023-06-20,TSM,99.88955688476562
2023-06-21,SPY,420.10009765625
2023-06-21,EWJ,58.035945892333984
2023-06-21,EWY,60.15455627441406
2023-06-21,EZU,42.35845184326172
2023-06-21,TSM,97.6416015625
2023-06-22,SPY,421.6164855957031
2023-06-22,EWJ,57.55668640136719
2023-06-22,EWY,60.17316818237305
2023-06-22,EZU,42.16165542602539
2023-06-22,TSM,99.07299041748047
2023-06-23,SPY,418.4291687011719
2023-06-23,EWJ,56.137351989746094
2023-06-23,EWY,58.935081481933594
2023-06-23,EZU,41.52440643310547
2023-06-23,TSM,97.90099334716797
2023-06-26,SPY,416.7195129394531
2023-06-26,EWJ,56.137351989746094
2023-06-26,EWY,59.48430633544922
2023-06-26,EZU,41.61811447143555
2023-06-26,TSM,96.17179107666016
2023-06-27,SPY,421.28814697265625
2023-06-27,EWJ,56.349327087402344
2023-06-27,EWY,60.10800552368164
2023-06-27,EZU,42.255367279052734
2023-06-27,TSM,98.06430053710938
2023-06-28,SPY,421.5006408691406
2023-06-28,EWJ,56.97604751586914
2023-06-28,EWY,58.90715026855469
2023-06-28,EZU,42.33971405029297
2023-06-28,TSM,96.9499282836914
2023-06-29,SPY,423.1619567871094
2023-06-29,EWJ,56.690338134765625
2023-06-29,EWY,58.3858528137207
2023-06-29,EZU,42.32096481323242
2023-06-29,TSM,96.68096160888672
2023-06-30,SPY,428.1554870605469
2023-06-30,EWJ,57.04978561401367
2023-06-30,EWY,59.000240325927734
2023-06-30,EZU,42.939476013183594
2023-06-30,TSM,96.9499282836914
2023-07-03,SPY,428.6481018066406
2023-07-03,EWJ,57.224891662597656
2023-07-03,EWY,60.31280517578125
2023-07-03,EZU,42.92073059082031
2023-07-03,TSM,99.09219360351562
2023-07-05,SPY,428.01068115234375
2023-07-05,EWJ,56.75485610961914
2023-07-05,EWY,59.63324737548828
2023-07-05,EZU,42.199134826660156
2023-07-05,TSM,97.01716613769531
2023-07-06,SPY,424.6590270996094
2023-07-06,EWJ,56.008323669433594
2023-07-06,EWY,58.46963119506836
2023-07-06,EZU,41.31822967529297
2023-07-06,TSM,95.49932861328125
2023-07-07,SPY,423.5868835449219
2023-07-07,EWJ,56.810150146484375
2023-07-07,EWY,58.776824951171875
2023-07-07,EZU,41.655601501464844
2023-07-07,TSM,96.28707122802734
2023-07-10,SPY,424.6590270996094
2023-07-10,EWJ,56.727203369140625
2023-07-10,EWY,58.851295471191406
2023-07-10,EZU,41.95548629760742
2023-07-10,TSM,95.84516143798828
2023-07-11,SPY,427.363525390625
2023-07-11,EWJ,56.97604751586914
2023-07-11,EWY,59.9032096862793
2023-07-11,EZU,42.42405319213867
2023-07-11,TSM,97.27656555175781
2023-07-12,SPY,430.802001953125
2023-07-12,EWJ,57.37235641479492
2023-07-12,EWY,61.53227996826172
2023-07-12,EZU,43.48301696777344
2023-07-12,TSM,99.81270599365234
2023-07-13,SPY,434.2212219238281
2023-07-13,EWJ,58.229488372802734
2023-07-13,EWY,62.34215545654297
2023-07-13,EZU,44.19523620605469
2023-07-13,TSM,101.41699981689453
2023-07-14,SPY,433.9508056640625
2023-07-14,EWJ,57.52903366088867
2023-07-14,EWY,62.53764343261719
2023-07-14,EZU,44.026546478271484
2023-07-14,TSM,101.00392150878906
2023-07-17,SPY,435.4575500488281
2023-07-17,EWJ,57.55668640136719
2023-07-17,EWY,62.872772216796875
2023-07-17,EZU,44.00780487060547
2023-07-17,TSM,100.66768646240234
2023-07-18,SPY,438.69329833984375
2023-07-18,EWJ,58.349300384521484
2023-07-18,EWY,62.686588287353516
2023-07-18,EZU,44.148380279541016
2023-07-18,TSM,99.09219360351562
2023-07-19,SPY,439.6688537597656
2023-07-19,EWJ,58.3585205078125
2023-07-19,EWY,62.48179244995117
2023-07-19,EZU,43.91409683227539
2023-07-19,TSM,99.0057373046875
2023-07-20,SPY,436.75189208984375
2023-07-20,EWJ,57.58433532714844
2023-07-20,EWY,61.439186096191406
2023-07-20,EZU,43.66107177734375
2023-07-20,TSM,94.01029205322266
2023-07-21,SPY,436.75189208984375
2023-07-21,EWJ,57.51982116699219
2023-07-21,EWY,61.46711349487305
2023-07-21,EZU,43.91409683227539
2023-07-21,TSM,93.42430114746094
2023-07-24,SPY,438.7029724121094
2023-07-24,EWJ,57.6027717590332
2023-07-24,EWY,62.64935302734375
2023-07-24,EZU,43.62358474731445
2023-07-24,TSM,94.38497161865234
2023-07-25,SPY,439.9006042480469
2023-07-25,EWJ,57.67649841308594
2023-07-25,EWY,63.2078971862793
2023-07-25,EZU,43.50175476074219
2023-07-25,TSM,96.37354278564453
2023-07-26,SPY,439.96826171875
2023-07-26,EWJ,57.90690994262695
2023-07-26,EWY,62.863460540771484
2023-07-26,EZU,43.586097717285156
2023-07-26,TSM,95.49932861328125
2023-07-27,SPY,437.0513000488281
2023-07-27,EWJ,58.376949310302734
2023-07-27,EWY,61.7370719909668
2023-07-27,EZU,43.56735610961914
2023-07-27,TSM,95.44168853759766
2023-07-28,SPY,441.3302001953125
2023-07-28,EWJ,58.708744049072266
2023-07-28,EWY,62.82622528076172
2023-07-28,EZU,44.10152053833008
2023-07-28,TSM,96.89228057861328
2023-07-31,SPY,442.17041015625
2023-07-31,EWJ,58.450679779052734
2023-07-31,EWY,62.90069580078125
2023-07-31,EZU,43.98906326293945
2023-07-31,TSM,95.24956512451172
2023-08-01,SPY,440.9051513671875
2023-08-01,EWJ,57.75944519042969
2023-08-01,EWY,62.89139175415039
2023-08-01,EZU,43.454898834228516
2023-08-01,TSM,94.52906036376953
2023-08-02,SPY,434.7718200683594
2023-08-02,EWJ,56.67190933227539
2023-08-02,EWY,60.95512771606445
2023-08-02,EZU,42.56461715698242
2023-08-02,TSM,91.9352798461914
2023-08-03,SPY,433.5257873535156
2023-08-03,EWJ,56.39541244506836
2023-08-03,EWY,60.92719650268555
2023-08-03,EZU,42.44279479980469
2023-08-03,TSM,91.24359893798828
2023-08-04,SPY,431.5650939941406
2023-08-04,EWJ,56.939186096191406
2023-08-04,EWY,60.35004425048828
2023-08-04,EZU,42.56461715698242
2023-08-04,TSM,92.37718200683594
2023-08-07,SPY,435.3320007324219
2023-08-07,EWJ,57.41843795776367
2023-08-07,EWY,60.18247985839844
2023-08-07,EZU,42.958213806152344
2023-08-07,TSM,92.55970764160156
2023-08-08,SPY,433.43890380859375
2023-08-08,EWJ,56.911537170410156
2023-08-08,EWY,59.3632926940918
2023-08-08,EZU,42.470909118652344
2023-08-08,TSM,90.77288818359375
2023-08-09,SPY,430.5412292480469
2023-08-09,EWJ,56.41384506225586
2023-08-09,EWY,59.838043212890625
2023-08-09,EZU,42.611480712890625
2023-08-09,TSM,90.2829360961914
2023-08-10,SPY,430.6957702636719
2023-08-10,EWJ,56.65347671508789
2023-08-10,EWY,59.44706726074219
2023-08-10,EZU,42.939476013183594
2023-08-10,TSM,91.07068634033203
2023-08-11,SPY,430.44464111328125
2023-08-11,EWJ,56.561309814453125
2023-08-11,EWY,58.75820541381836
2023-08-11,EZU,42.50839614868164
2023-08-11,TSM,88.37122344970703
2023-08-14,SPY,432.8206787109375
2023-08-14,EWJ,56.054405212402344
2023-08-14,EWY,58.23690414428711
2023-08-14,EZU,42.45216369628906
2023-08-14,TSM,89.40874481201172
2023-08-15,SPY,427.7789001464844
2023-08-15,EWJ,55.4553337097168
2023-08-15,EWY,57.724910736083984
2023-08-15,EZU,41.89925765991211
2023-08-15,TSM,88.07342529296875
2023-08-16,SPY,424.6397399902344
2023-08-16,EWJ,54.764102935791016
2023-08-16,EWY,56.56128692626953
2023-08-16,EZU,41.62748718261719
2023-08-16,TSM,88.16948699951172
2023-08-17,SPY,421.4040222167969
2023-08-17,EWJ,54.53369140625
2023-08-17,EWY,56.61714553833008
2023-08-17,EZU,41.21514892578125
2023-08-17,TSM,88.03499603271484
2023-08-18,SPY,421.6068115234375
2023-08-18,EWJ,54.671939849853516
2023-08-18,EWY,56.477508544921875
2023-08-18,EZU,41.28074645996094
2023-08-18,TSM,87.5162353515625
2023-08-21,SPY,424.3499450683594
2023-08-21,EWJ,54.718017578125
2023-08-21,EWY,56.85917663574219
2023-08-21,EZU,41.543155670166016
2023-08-21,TSM,88.91880798339844
2023-08-22,SPY,423.2005310058594
2023-08-22,EWJ,54.98530197143555
2023-08-22,EWY,56.57990646362305
2023-08-22,EZU,41.41194152832031
2023-08-22,TSM,88.61138916015625
2023-08-23,SPY,427.9140930175781
2023-08-23,EWJ,55.71339797973633
2023-08-23,EWY,57.296695709228516
2023-08-23,EZU,41.711830139160156
2023-08-23,TSM,90.51349639892578
2023-08-24,SPY,421.9835205078125
2023-08-24,EWJ,54.98530197143555
2023-08-24,EWY,57.259464263916016
2023-08-24,EZU,41.04646301269531
2023-08-24,TSM,88.88997650146484
2023-08-25,SPY,424.9584655761719
2023-08-25,EWJ,55.27101135253906
2023-08-25,EWY,57.724910736083984
2023-08-25,EZU,41.37446594238281
2023-08-25,TSM,89.43755340576172
2023-08-28,SPY,427.6532897949219
2023-08-28,EWJ,55.92537307739258
2023-08-28,EWY,58.19036102294922
2023-08-28,EZU,41.852394104003906
2023-08-28,TSM,90.30215454101562
2023-08-29,SPY,433.83489990234375
2023-08-29,EWJ,56.31246566772461
2023-08-29,EWY,58.972312927246094
2023-08-29,EZU,42.48965072631836
2023-08-29,TSM,91.33966064453125
2023-08-30,SPY,435.6217956542969
2023-08-30,EWJ,56.21108627319336
2023-08-30,EWY,58.59064483642578
2023-08-30,EZU,42.48028564453125
2023-08-30,TSM,91.05147552490234
2023-08-31,SPY,434.9843444824219
2023-08-31,EWJ,56.810150146484375
2023-08-31,EWY,58.13450622558594
2023-08-31,EZU,42.01171875
2023-08-31,TSM,89.8890609741211
2023-09-01,SPY,435.795654296875
2023-09-01,EWJ,57.178810119628906
2023-09-01,EWY,58.841983795166016
2023-09-01,EZU,41.73994827270508
2023-09-01,TSM,89.5240249633789
2023-09-05,SPY,433.9122314453125
2023-09-05,EWJ,57.20646286010742
2023-09-05,EWY,58.42308044433594
2023-09-05,EZU,41.196407318115234
2023-09-05,TSM,90.87854766845703
2023-09-06,SPY,430.9952087402344
2023-09-06,EWJ,57.35392379760742
2023-09-06,EWY,57.73421859741211
2023-09-06,EZU,40.99960708618164
2023-09-06,TSM,88.630615234375
2023-09-07,SPY,429.6719665527344
2023-09-07,EWJ,57.35392379760742
2023-09-07,EWY,57.47357177734375
2023-09-07,EZU,40.737213134765625
2023-09-07,TSM,86.50755310058594
2023-09-08,SPY,430.3190612792969
2023-09-08,EWJ,56.782508850097656
2023-09-08,EWY,57.52011489868164
2023-09-08,EZU,40.830928802490234
2023-09-08,TSM,86.1136703491211
2023-09-11,SPY,433.14910888671875
2023-09-11,EWJ,57.436866760253906
2023-09-11,EWY,58.44170379638672
2023-09-11,EZU,41.29011917114258
2023-09-11,TSM,86.07523345947266
2023-09-12,SPY,430.7730407714844
2023-09-12,EWJ,57.42765808105469
2023-09-12,EWY,57.724910736083984
2023-09-12,EZU,40.93400955200195
2023-09-12,TSM,86.92062377929688
2023-09-13,SPY,431.27532958984375
2023-09-13,EWJ,57.40000915527344
2023-09-13,EWY,57.743526458740234
2023-09-13,EZU,40.69972229003906
2023-09-13,TSM,87.63152313232422
2023-09-14,SPY,434.99395751953125
2023-09-14,EWJ,58.376949310302734
2023-09-14,EWY,58.49755859375
2023-09-14,EZU,41.121437072753906
2023-09-14,TSM,88.3277359008789
2023-09-15,SPY,429.75299072265625
2023-09-15,EWJ,58.05437088012695
2023-09-15,EWY,58.75820541381836
2023-09-15,EZU,41.093318939208984
2023-09-15,TSM,86.18401336669922
2023-09-18,SPY,430.00506591796875
2023-09-18,EWJ,58.19261932373047
2023-09-18,EWY,58.87922668457031
2023-09-18,EZU,40.81218338012695
2023-09-18,TSM,85.7784423828125
2023-09-19,SPY,429.1132507324219
2023-09-19,EWJ,58.47832489013672
2023-09-19,EWY,58.255523681640625
2023-09-19,EZU,40.84029769897461
2023-09-19,TSM,85.14110565185547
2023-09-20,SPY,425.1683044433594
2023-09-20,EWJ,57.6949348449707
2023-09-20,EWY,57.84592819213867
2023-09-20,EZU,40.85903549194336
2023-09-20,TSM,84.29132843017578
2023-09-21,SPY,418.1409912109375
2023-09-21,EWJ,56.80093765258789
2023-09-21,EWY,56.31925582885742
2023-09-21,EZU,40.20304870605469
2023-09-21,TSM,82.4276351928711
2023-09-22,SPY,417.2007141113281
2023-09-22,EWJ,56.95761489868164
2023-09-22,EWY,56.59852600097656
2023-09-22,EZU,40.12807846069336
2023-09-22,TSM,82.69803619384766
2023-09-25,SPY,418.9552001953125
2023-09-25,EWJ,56.883888244628906
2023-09-25,EWY,56.430965423583984
2023-09-25,EZU,39.75321960449219
2023-09-25,TSM,83.27739715576172
2023-09-26,SPY,412.8001708984375
2023-09-26,EWJ,56.008323669433594
2023-09-26,EWY,54.64364242553711
2023-09-26,EZU,39.17219543457031
2023-09-26,TSM,81.3943862915039
2023-09-27,SPY,412.9649658203125
2023-09-27,EWJ,56.247947692871094
2023-09-27,EWY,54.662261962890625
2023-09-27,EZU,39.04100036621094
2023-09-27,TSM,82.50489807128906
2023-09-28,SPY,415.359130859375
2023-09-28,EWJ,56.358551025390625
2023-09-28,EWY,55.174251556396484
2023-09-28,EZU,39.45333480834961
2023-09-28,TSM,83.44157409667969
2023-09-29,SPY,414.35107421875
2023-09-29,EWJ,55.56593704223633
2023-09-29,EWY,54.86705780029297
2023-09-29,EZU,39.584537506103516
2023-09-29,TSM,83.91474151611328
2023-10-02,SPY,414.186279296875
2023-10-02,EWJ,55.0866813659668
2023-10-02,EWY,54.410919189453125
2023-10-02,EZU,38.825462341308594
2023-10-02,TSM,84.63897705078125
2023-10-03,SPY,408.6419372558594
2023-10-03,EWJ,54.12816619873047
2023-10-03,EWY,53.861690521240234
2023-10-03,EZU,38.42249298095703
2023-10-03,TSM,82.47592163085938
2023-10-04,SPY,411.61767578125
2023-10-04,EWJ,53.5383186340332
2023-10-04,EWY,53.7592887878418
2023-10-04,EZU,38.759857177734375
2023-10-04,TSM,83.692626953125
2023-10-05,SPY,411.4625549316406
2023-10-05,EWJ,54.5889892578125
2023-10-05,EWY,53.97339630126953
2023-10-05,EZU,38.853572845458984
2023-10-05,TSM,84.040283203125
2023-10-06,SPY,416.3477783203125
2023-10-06,EWJ,54.72724151611328
2023-10-06,EWY,54.55986022949219
2023-10-06,EZU,39.43459701538086
2023-10-06,TSM,86.22264862060547
2023-10-09,SPY,419.0133361816406
2023-10-09,EWJ,54.883914947509766
2023-10-09,EWY,54.429534912109375
2023-10-09,EZU,39.13471221923828
2023-10-09,TSM,85.93294525146484
2023-10-10,SPY,421.1942443847656
2023-10-10,EWJ,55.602806091308594
2023-10-10,EWY,54.504005432128906
2023-10-10,EZU,39.74384689331055
2023-10-10,TSM,87.4972915649414
2023-10-11,SPY,422.9195556640625
2023-10-11,EWJ,55.464561462402344
2023-10-11,EWY,55.444217681884766
2023-10-11,EZU,39.940643310546875
2023-10-11,TSM,88.83955383300781
2023-10-12,SPY,420.3412780761719
2023-10-12,EWJ,55.602806091308594
2023-10-12,EWY,54.950836181640625
2023-10-12,EZU,39.415855407714844
2023-10-12,TSM,89.24510955810547
2023-10-13,SPY,418.24755859375
2023-10-13,EWJ,54.91157150268555
2023-10-13,EWY,54.699493408203125
2023-10-13,EZU,38.853572845458984
2023-10-13,TSM,87.35243225097656
2023-10-16,SPY,422.6482238769531
2023-10-16,EWJ,55.0866813659668
2023-10-16,EWY,55.006690979003906
2023-10-16,EZU,39.247169494628906
2023-10-16,TSM,88.08634185791016
2023-10-17,SPY,422.6287536621094
2023-10-17,EWJ,55.1972770690918
2023-10-17,EWY,54.96015167236328
2023-10-17,EZU,39.26591491699219
2023-10-17,TSM,87.87388610839844
2023-10-18,SPY,416.9971923828125
2023-10-18,EWJ,54.3309326171875
2023-10-18,EWY,54.429534912109375
2023-10-18,EZU,38.52557373046875
2023-10-18,TSM,86.52198791503906
2023-10-19,SPY,413.333251953125
2023-10-19,EWJ,53.93461990356445
2023-10-19,EWY,53.72205352783203
2023-10-19,EZU,38.385005950927734
2023-10-19,TSM,89.71827697753906
2023-10-20,SPY,408.25421142578125
2023-10-20,EWJ,53.5751838684082
2023-10-20,EWY,52.94941329956055
2023-10-20,EZU,38.0195198059082
2023-10-20,TSM,88.17323303222656
2023-10-23,SPY,407.5466003417969
2023-10-23,EWJ,53.44615173339844
2023-10-23,EWY,53.163516998291016
2023-10-23,EZU,38.25380325317383
2023-10-23,TSM,87.98011016845703
2023-10-24,SPY,410.6192626953125
2023-10-24,EWJ,53.78715515136719
2023-10-24,EWY,53.861690521240234
2023-10-24,EZU,38.43185806274414
2023-10-24,TSM,88.49190521240234
2023-10-25,SPY,404.72601318359375
2023-10-25,EWJ,53.5751838684082
2023-10-25,EWY,52.49326705932617
2023-10-25,EZU,38.12261199951172
2023-10-25,TSM,84.62931823730469
2023-10-26,SPY,399.8795471191406
2023-10-26,EWJ,52.847084045410156
2023-10-26,EWY,51.357574462890625
2023-10-26,EZU,37.98203659057617
2023-10-26,TSM,84.44583129882812
2023-10-27,SPY,398.0669860839844
2023-10-27,EWJ,53.28947448730469
2023-10-27,EWY,50.864200592041016
2023-10-27,EZU,37.71964645385742
2023-10-27,TSM,83.0359878540039
2023-10-30,SPY,402.82623291015625
2023-10-30,EWJ,53.6857795715332
2023-10-30,EWY,52.08367919921875
2023-10-30,EZU,38.31940460205078
2023-10-30,TSM,83.10359191894531
2023-10-31,SPY,405.3560485839844
2023-10-31,EWJ,54.340145111083984
2023-10-31,EWY,51.15278244018555
2023-10-31,EZU,38.516204833984375
2023-10-31,TSM,83.34500885009766
2023-11-01,SPY,409.6790466308594
2023-11-01,EWJ,55.27101135253906
2023-11-01,EWY,52.36294937133789
2023-11-01,EZU,38.778602600097656
2023-11-01,TSM,84.78382110595703
2023-11-02,SPY,417.53033447265625
2023-11-02,EWJ,56.17422103881836
2023-11-02,EWY,54.03855895996094
2023-11-02,EZU,39.725101470947266
2023-11-02,TSM,87.37174987792969
2023-11-03,SPY,421.339599609375
2023-11-03,EWJ,57.14194869995117
2023-11-03,EWY,55.54661178588867
2023-11-03,EZU,40.11870574951172
2023-11-03,TSM,88.63675689697266
2023-11-06,SPY,422.308837890625
2023-11-06,EWJ,56.404632568359375
2023-11-06,EWY,58.348609924316406
2023-11-06,EZU,39.92190170288086
2023-11-06,TSM,89.41893005371094
2023-11-07,SPY,423.51080322265625
2023-11-07,EWJ,55.888511657714844
2023-11-07,EWY,57.38978958129883
2023-11-07,EZU,39.75321960449219
2023-11-07,TSM,89.2354507446289
2023-11-08,SPY,423.8209533691406
2023-11-08,EWJ,54.966861724853516
2023-11-08,EWY,56.29133224487305
2023-11-08,EZU,40.04372787475586
2023-11-08,TSM,88.83955383300781
2023-11-09,SPY,420.5157165527344
2023-11-09,EWJ,55.1972770690918
2023-11-09,EWY,55.732791900634766
2023-11-09,EZU,40.03436279296875
2023-11-09,TSM,88.47258758544922
2023-11-10,SPY,427.0777587890625
2023-11-10,EWJ,55.73182678222656
2023-11-10,EWY,56.13307571411133
2023-11-10,EZU,40.33424377441406
2023-11-10,TSM,94.09266662597656
2023-11-13,SPY,426.6707458496094
2023-11-13,EWJ,55.70417785644531
2023-11-13,EWY,55.56523132324219
2023-11-13,EZU,40.43733215332031
2023-11-13,TSM,93.10770416259766
2023-11-14,SPY,434.94842529296875
2023-11-14,EWJ,56.810150146484375
2023-11-14,EWY,57.61320495605469
2023-11-14,EZU,41.796173095703125
2023-11-14,TSM,95.51216125488281
2023-11-15,SPY,435.8692321777344
2023-11-15,EWJ,56.38619613647461
2023-11-15,EWY,58.0321044921875
2023-11-15,EZU,41.833656311035156
2023-11-15,TSM,95.40593719482422
2023-11-16,SPY,436.40234375
2023-11-16,EWJ,56.579742431640625
2023-11-16,EWY,58.44170379638672
2023-11-16,EZU,41.814918518066406
2023-11-16,TSM,95.15487670898438
2023-11-17,SPY,436.94512939453125
2023-11-17,EWJ,57.46451950073242
2023-11-17,EWY,57.948326110839844
2023-11-17,EZU,42.35845184326172
2023-11-17,TSM,96.15914916992188
2023-11-20,SPY,440.30859375
2023-11-20,EWJ,57.47373580932617
2023-11-20,EWY,59.121253967285156
2023-11-20,EZU,42.56461715698242
2023-11-20,TSM,96.52608489990234
2023-11-21,SPY,439.34893798828125
2023-11-21,EWJ,57.234107971191406
2023-11-21,EWY,58.534793853759766
2023-11-21,EZU,42.26473617553711
2023-11-21,TSM,95.02932739257812
2023-11-22,SPY,441.045166015625
2023-11-22,EWJ,57.59355163574219
2023-11-22,EWY,58.56271743774414
2023-11-22,EZU,42.33033752441406
2023-11-22,TSM,95.26109313964844
2023-11-24,SPY,441.3165588378906
2023-11-24,EWJ,57.70414733886719
2023-11-24,EWY,58.01348876953125
2023-11-24,EZU,42.77079391479492
2023-11-24,TSM,94.46926879882812
2023-11-27,SPY,440.5218505859375
2023-11-27,EWJ,57.65806579589844
2023-11-27,EWY,58.23690414428711
2023-11-27,EZU,42.6583366394043
2023-11-27,TSM,93.87055969238281
2023-11-28,SPY,440.95794677734375
2023-11-28,EWJ,57.64884948730469
2023-11-28,EWY,59.10264205932617
2023-11-28,EZU,42.67707824707031
2023-11-28,TSM,94.6141128540039
2023-11-29,SPY,440.6478271484375
2023-11-29,EWJ,57.59355163574219
2023-11-29,EWY,59.000240325927734
2023-11-29,EZU,42.939476013183594
2023-11-29,TSM,95.48318481445312
2023-11-30,SPY,442.3828430175781
2023-11-30,EWJ,57.70414733886719
2023-11-30,EWY,58.68373489379883
2023-11-30,EZU,42.78016662597656
2023-11-30,TSM,93.96712493896484
2023-12-01,SPY,444.9999084472656
2023-12-01,EWJ,58.257137298583984
2023-12-01,EWY,58.94438552856445
2023-12-01,EZU,43.09878921508789
2023-12-01,TSM,95.1645278930664
2023-12-04,SPY,442.6639099121094
2023-12-04,EWJ,57.37235641479492
2023-12-04,EWY,57.76214599609375
2023-12-04,EZU,42.93010711669922
2023-12-04,TSM,93.67742919921875
2023-12-05,SPY,442.57666015625
2023-12-05,EWJ,57.160377502441406
2023-12-05,EWY,57.287391662597656
2023-12-05,EZU,42.976959228515625
2023-12-05,TSM,93.3684310913086
2023-12-06,SPY,440.793212890625
2023-12-06,EWJ,57.75944519042969
2023-12-06,EWY,56.91503143310547
2023-12-06,EZU,43.01445007324219
2023-12-06,TSM,94.48856353759766
2023-12-07,SPY,444.1565856933594
2023-12-07,EWJ,58.201839447021484
2023-12-07,EWY,57.529422760009766
2023-12-07,EZU,43.211246490478516
2023-12-07,TSM,95.87910461425781
2023-12-08,SPY,446.0661315917969
2023-12-08,EWJ,57.86082458496094
2023-12-08,EWY,57.86454772949219
2023-12-08,EZU,43.529869079589844
2023-12-08,TSM,96.90269470214844
2023-12-11,SPY,447.8011169433594
2023-12-11,EWJ,58.19261932373047
2023-12-11,EWY,58.37653350830078
2023-12-11,EZU,43.586097717285156
2023-12-11,TSM,97.4820785522461
2023-12-12,SPY,449.84637451171875
2023-12-12,EWJ,58.10967254638672
2023-12-12,EWY,58.69304275512695
2023-12-12,EZU,43.7172966003418
2023-12-12,TSM,98.10974884033203
2023-12-13,SPY,456.0497741699219
2023-12-13,EWJ,58.99445724487305
2023-12-13,EWY,59.4005241394043
2023-12-13,EZU,44.2889518737793
2023-12-13,TSM,98.61189270019531
2023-12-14,SPY,457.51336669921875
2023-12-14,EWJ,58.727176666259766
2023-12-14,EWY,60.18247985839844
2023-12-14,EZU,44.63569259643555
2023-12-14,TSM,100.36697387695312
2023-12-15,SPY,456.7601318359375
2023-12-15,EWJ,58.22026824951172
2023-12-15,EWY,59.521541595458984
2023-12-15,EZU,44.18587112426758
2023-12-15,TSM,99.48410034179688
2023-12-18,SPY,459.3294372558594
2023-12-18,EWJ,58.10967254638672
2023-12-18,EWY,59.754268646240234
2023-12-18,EZU,44.2046012878418
2023-12-18,TSM,99.86246490478516
2023-12-19,SPY,462.1225280761719
2023-12-19,EWJ,58.28478240966797
2023-12-19,EWY,60.42451095581055
2023-12-19,EZU,44.63569259643555
2023-12-19,TSM,100.77446746826172
2023-12-20,SPY,455.7188415527344
2023-12-20,EWJ,57.990394592285156
2023-12-20,EWY,60.2917366027832
2023-12-20,EZU,43.96632385253906
2023-12-20,TSM,97.0586166381836
2023-12-21,SPY,460.0399169921875
2023-12-21,EWJ,58.99973678588867
2023-12-21,EWY,61.24693298339844
2023-12-21,EZU,44.664955139160156
2023-12-21,TSM,99.49380493164062
2023-12-22,SPY,460.9644470214844
2023-12-22,EWJ,59.18665313720703
2023-12-22,EWY,61.10365676879883
2023-12-22,EZU,44.58942794799805
2023-12-22,TSM,100.07592010498047
2023-12-26,SPY,462.91082763671875
2023-12-26,EWJ,59.16796112060547
2023-12-26,EWY,61.39020538330078
2023-12-26,EZU,44.91041564941406
2023-12-26,TSM,101.3371810913086
2023-12-27,SPY,463.74786376953125
2023-12-27,EWJ,59.495059967041016
2023-12-27,EWY,61.944217681884766
2023-12-27,EZU,45.13700485229492
2023-12-27,TSM,101.5312271118164
2023-12-28,SPY,463.9230041503906
2023-12-28,EWJ,59.85020065307617
2023-12-28,EWY,63.023590087890625
2023-12-28,EZU,44.75935745239258
2023-12-28,TSM,101.5797348022461
2023-12-29,SPY,462.5799560546875
2023-12-29,EWJ,59.94365692138672
2023-12-29,EWY,62.59375
2023-12-29,EZU,44.787681579589844
2023-12-29,TSM,100.90058898925781
2024-01-02,SPY,459.9912109375
2024-01-02,EWJ,59.40160369873047
2024-01-02,EWY,61.839149475097656
2024-01-02,EZU,44.16458511352539
2024-01-02,TSM,98.50420379638672
2024-01-03,SPY,456.2345886230469
2024-01-03,EWJ,59.074501037597656
2024-01-03,EWY,60.51143264770508
2024-01-03,EZU,43.54148483276367
2024-01-03,TSM,97.18473052978516
2024-01-04,SPY,454.7650451660156
2024-01-04,EWJ,58.9343147277832
2024-01-04,EWY,59.909664154052734
2024-01-04,EZU,43.76806640625
2024-01-04,TSM,96.17572784423828
2024-01-05,SPY,455.387939453125
2024-01-05,EWJ,59.373565673828125
2024-01-05,EWY,60.062496185302734
2024-01-05,EZU,43.73030090332031
2024-01-05,TSM,96.64140319824219
2024-01-08,SPY,461.8889465332031
2024-01-08,EWJ,60.24271774291992
2024-01-08,EWY,60.37770462036133
2024-01-08,EZU,44.24955368041992
2024-01-08,TSM,99.19303894042969
2024-01-09,SPY,461.1882629394531
2024-01-09,EWJ,59.87823486328125
2024-01-09,EWY,59.01177978515625
2024-01-09,EZU,43.76806640625
2024-01-09,TSM,98.85345458984375
2024-01-10,SPY,463.7964782714844
2024-01-10,EWJ,60.9530029296875
2024-01-10,EWY,58.667911529541016
2024-01-10,EZU,44.01353073120117
2024-01-10,TSM,97.79595184326172
2024-01-11,SPY,463.59210205078125
2024-01-11,EWJ,61.495052337646484
2024-01-11,EWY,58.772979736328125
2024-01-11,EZU,43.956886291503906
2024-01-11,TSM,98.20343017578125
2024-01-12,SPY,463.91326904296875
2024-01-12,EWJ,62.083831787109375
2024-01-12,EWY,58.610599517822266
2024-01-12,EZU,44.02296829223633
2024-01-12,TSM,98.22283172607422
2024-01-16,SPY,462.2101135253906
2024-01-16,EWJ,61.625892639160156
2024-01-16,EWY,56.34679412841797
2024-01-16,EZU,43.239376068115234
2024-01-16,TSM,98.64002227783203
2024-01-17,SPY,459.6408386230469
2024-01-17,EWJ,60.85954284667969
2024-01-17,EWY,54.88534927368164
2024-01-17,EZU,42.9372673034668
2024-01-17,TSM,99.88186645507812
2024-01-18,SPY,463.7283935546875
2024-01-18,EWJ,61.429630279541016
2024-01-18,EWY,55.907405853271484
2024-01-18,EZU,43.46596145629883
2024-01-18,TSM,109.66146850585938
2024-01-19,SPY,469.50927734375
2024-01-19,EWJ,61.5885124206543
2024-01-19,EWY,56.60469436645508
2024-01-19,EZU,43.62644958496094
2024-01-19,TSM,110.79660034179688
2024-01-22,SPY,470.5020446777344
2024-01-22,EWJ,62.31747817993164
2024-01-22,EWY,55.907405853271484
2024-01-22,EZU,43.60757064819336
2024-01-22,TSM,109.66146850585938
2024-01-23,SPY,471.8741455078125
2024-01-23,EWJ,61.76607894897461
2024-01-23,EWY,56.279930114746094
2024-01-23,EZU,43.522605895996094
2024-01-23,TSM,110.72869110107422
2024-01-24,SPY,472.3900146484375
2024-01-24,EWJ,61.84083938598633
2024-01-24,EWY,56.470970153808594
2024-01-24,EZU,44.2117919921875
2024-01-24,TSM,113.04745483398438
2024-01-25,SPY,474.95928955078125
2024-01-25,EWJ,61.60719680786133
2024-01-25,EWY,56.260826110839844
2024-01-25,EZU,44.41005325317383
2024-01-25,TSM,113.08626556396484
2024-01-26,SPY,474.35589599609375
2024-01-26,EWJ,61.11187744140625
2024-01-26,EWY,56.83394241333008
2024-01-26,EZU,44.74992370605469
2024-01-26,TSM,113.76541900634766
2024-01-29,SPY,478.112548828125
2024-01-29,EWJ,61.84083938598633
2024-01-29,EWY,57.46437072753906
2024-01-29,EZU,44.844329833984375
2024-01-29,TSM,113.49376678466797
2024-01-30,SPY,477.74273681640625
2024-01-30,EWJ,61.616546630859375
2024-01-30,EWY,57.22557067871094
2024-01-30,EZU,44.891536712646484
2024-01-30,TSM,112.60118103027344
2024-01-31,SPY,469.9472351074219
2024-01-31,EWJ,61.87822723388672
2024-01-31,EWY,56.80529022216797
2024-01-31,EZU,44.52334213256836
2024-01-31,TSM,109.59355926513672
2024-02-01,SPY,476.09796142578125
2024-02-01,EWJ,62.54177474975586
2024-02-01,EWY,58.553287506103516
2024-02-01,EZU,44.97650146484375
2024-02-01,TSM,110.0107421875
2024-02-02,SPY,481.11004638671875
2024-02-02,EWJ,62.15860366821289
2024-02-02,EWY,59.80459213256836
2024-02-02,EZU,44.58942794799805
2024-02-02,TSM,112.3004150390625
2024-02-05,SPY,479.35821533203125
2024-02-05,EWJ,61.85953903198242
2024-02-05,EWY,59.346099853515625
2024-02-05,EZU,44.36284255981445
2024-02-05,TSM,115.24980926513672
2024-02-06,SPY,480.74993896484375
2024-02-06,EWJ,61.850189208984375
2024-02-06,EWY,59.39385986328125
2024-02-06,EZU,44.655513763427734
2024-02-06,TSM,115.82222747802734
2024-02-07,SPY,484.7596130371094
2024-02-07,EWJ,62.205326080322266
2024-02-07,EWY,60.4445686340332
2024-02-07,EZU,44.608306884765625
2024-02-07,TSM,121.25533294677734
2024-02-08,SPY,484.97369384765625
2024-02-08,EWJ,62.04644775390625
2024-02-08,EWY,60.4445686340332
2024-02-08,EZU,44.73103713989258
2024-02-08,TSM,129.74456787109375
2024-02-09,SPY,487.7765808105469
2024-02-09,EWJ,62.27074432373047
2024-02-09,EWY,60.81709289550781
2024-02-09,EZU,44.967063903808594
2024-02-09,TSM,129.14305114746094
2024-02-12,SPY,487.5625
2024-02-12,EWJ,62.58850860595703
2024-02-12,EWY,61.56214141845703
2024-02-12,EZU,44.957618713378906
2024-02-12,TSM,126.57202911376953
2024-02-13,SPY,480.8472595214844
2024-02-13,EWJ,62.3735466003418
2024-02-13,EWY,59.900108337402344
2024-02-13,EZU,44.107940673828125
2024-02-13,TSM,123.7487564086914
2024-02-14,SPY,485.2170104980469
2024-02-14,EWJ,62.61654281616211
2024-02-14,EWY,61.00813293457031
2024-02-14,EZU,44.64607620239258
2024-02-14,TSM,125.41748809814453
2024-02-15,SPY,488.5649108886719
2024-02-15,EWJ,63.21467208862305
2024-02-15,EWY,60.93172073364258
2024-02-15,EZU,45.203086853027344
2024-02-15,TSM,125.18465423583984
2024-02-16,SPY,486.1318359375
2024-02-16,EWJ,63.205318450927734
2024-02-16,EWY,61.31379699707031
2024-02-16,EZU,45.10867691040039
2024-02-16,TSM,122.91436767578125
2024-02-20,SPY,483.4554748535156
2024-02-20,EWJ,63.485694885253906
2024-02-20,EWY,61.41886901855469
2024-02-20,EZU,45.373023986816406
2024-02-20,TSM,121.59491729736328
2024-02-21,SPY,483.8934326171875
2024-02-21,EWJ,63.354862213134766
2024-02-21,EWY,61.41886901855469
2024-02-21,EZU,45.609046936035156
2024-02-21,TSM,121.60460662841797
2024-02-22,SPY,493.9078674316406
2024-02-22,EWJ,64.3922348022461
2024-02-22,EWY,62.211673736572266
2024-02-22,EZU,46.24158477783203
2024-02-22,TSM,125.22345733642578
2024-02-23,SPY,494.2485046386719
2024-02-23,EWJ,64.49504089355469
2024-02-23,EWY,62.240333557128906
2024-02-23,EZU,46.26990509033203
2024-02-23,TSM,125.66973114013672
2024-02-26,SPY,492.438232421875
2024-02-26,EWJ,64.4856948852539
2024-02-26,EWY,61.32334518432617
2024-02-26,EZU,46.25102996826172
2024-02-26,TSM,126.74666595458984
2024-02-27,SPY,493.3531188964844
2024-02-27,EWJ,64.65392303466797
2024-02-27,EWY,60.76933288574219
2024-02-27,EZU,46.42095947265625
2024-02-27,TSM,124.75774383544922
2024-02-28,SPY,492.7010498046875
2024-02-28,EWJ,64.17729187011719
2024-02-28,EWY,61.27558898925781
2024-02-28,EZU,46.3265495300293
2024-02-28,TSM,123.58382415771484
2024-02-29,SPY,494.4723205566406
2024-02-29,EWJ,64.59784698486328
2024-02-29,EWY,61.23738098144531
2024-02-29,EZU,46.307674407958984
2024-02-29,TSM,124.83536529541016
2024-03-01,SPY,499.1145324707031
2024-03-01,EWJ,65.72867584228516
2024-03-01,EWY,62.0206413269043
2024-03-01,EZU,46.600341796875
2024-03-01,TSM,129.90948486328125
2024-03-04,SPY,498.5793151855469
2024-03-04,EWJ,65.34549713134766
2024-03-04,EWY,62.66061019897461
2024-03-04,EZU,46.66642379760742
2024-03-04,TSM,134.13955688476562
2024-03-05,SPY,493.59637451171875
2024-03-05,EWJ,65.70063781738281
2024-03-05,EWY,61.42841339111328
2024-03-05,EZU,46.44928741455078
2024-03-05,TSM,130.9476318359375
2024-03-06,SPY,496.0975646972656
2024-03-06,EWJ,66.70063781738281
2024-03-06,EWY,62.163917541503906
2024-03-06,EZU,46.9307746887207
2024-03-06,TSM,137.35092163085938
2024-03-07,SPY,501.02203369140625
2024-03-07,EWJ,66.67259216308594
2024-03-07,EWY,62.92806625366211
2024-03-07,EZU,47.65772247314453
2024-03-07,TSM,144.75352478027344
2024-03-08,SPY,498.0147705078125
2024-03-08,EWJ,66.52306365966797
2024-03-08,EWY,63.300594329833984
2024-03-08,EZU,47.289527893066406
2024-03-08,TSM,142.00787353515625
2024-03-11,SPY,497.58660888671875
2024-03-11,EWJ,65.04644012451172
2024-03-11,EWY,63.26239013671875
2024-03-11,EZU,47.25176239013672
2024-03-11,TSM,134.8769073486328
2024-03-12,SPY,502.9393615722656
2024-03-12,EWJ,65.40158081054688
2024-03-12,EWY,64.2080307006836
2024-03-12,EZU,47.71437072753906
2024-03-12,TSM,140.09657287597656
2024-03-13,SPY,502.15087890625
2024-03-13,EWJ,64.83148956298828
2024-03-13,EWY,64.08384704589844
2024-03-13,EZU,47.88430404663086
2024-03-13,TSM,137.9039306640625
2024-03-14,SPY,501.1583557128906
2024-03-14,EWJ,64.5417709350586
2024-03-14,EWY,64.04564666748047
2024-03-14,EZU,47.516109466552734
2024-03-14,TSM,135.45904541015625
2024-03-15,SPY,497.7170715332031
2024-03-15,EWJ,65.01840209960938
2024-03-15,EWY,62.65106201171875
2024-03-15,EZU,47.553871154785156
2024-03-15,TSM,132.897705078125
2024-03-18,SPY,500.6750793457031
2024-03-18,EWJ,66.02774047851562
2024-03-18,EWY,62.813453674316406
2024-03-18,EZU,47.327293395996094
2024-03-18,TSM,133.10618591308594
2024-03-19,SPY,503.4573669433594
2024-03-19,EWJ,66.28008270263672
2024-03-19,EWY,62.35495376586914
2024-03-19,EZU,47.45001983642578
2024-03-19,TSM,131.3819580078125
2024-03-20,SPY,508.1140441894531
2024-03-20,EWJ,66.7940902709961
2024-03-20,EWY,63.83550262451172
2024-03-20,EZU,48.120330810546875
2024-03-20,TSM,133.2133331298828
2024-03-21,SPY,509.7931823730469
2024-03-21,EWJ,67.13053894042969
2024-03-21,EWY,64.50414276123047
2024-03-21,EZU,47.912628173828125
2024-03-21,TSM,135.84352111816406
2024-03-22,SPY,508.82666015625
2024-03-22,EWJ,67.1211929321289
2024-03-22,EWY,64.04564666748047
2024-03-22,EZU,47.761573791503906
2024-03-22,TSM,136.9053192138672
2024-03-25,SPY,507.4208984375
2024-03-25,EWJ,66.34549713134766
2024-03-25,EWY,64.49458312988281
2024-03-25,EZU,47.912628173828125
2024-03-25,TSM,136.60336303710938
2024-03-26,SPY,506.48370361328125
2024-03-26,EWJ,66.63521575927734
2024-03-26,EWY,64.37996673583984
2024-03-26,EZU,48.0164794921875
2024-03-26,TSM,135.24928283691406
2024-03-27,SPY,510.7401428222656
2024-03-27,EWJ,66.92494201660156
2024-03-27,EWY,64.2844467163086
2024-03-27,EZU,48.42243576049805
2024-03-27,TSM,133.1549072265625
2024-03-28,SPY,510.64251708984375
2024-03-28,EWJ,66.68193817138672
2024-03-28,EWY,64.10295867919922
2024-03-28,EZU,48.205299377441406
2024-03-28,TSM,132.53143310546875
2024-04-01,SPY,509.75408935546875
2024-04-01,EWJ,65.68194580078125
2024-04-01,EWY,63.61580276489258
2024-04-01,EZU,48.23361587524414
2024-04-01,TSM,137.8307647705078
2024-04-02,SPY,506.5130615234375
2024-04-02,EWJ,65.34549713134766
2024-04-02,EWY,63.68267059326172
2024-04-02,EZU,47.704925537109375
2024-04-02,TSM,136.59359741210938
2024-04-03,SPY,507.0694274902344
2024-04-03,EWJ,65.79409790039062
2024-04-03,EWY,63.520286560058594
2024-04-03,EZU,48.12976837158203
2024-04-03,TSM,138.32754516601562
2024-04-04,SPY,500.8801574707031
2024-04-04,EWJ,65.11186218261719
2024-04-04,EWY,63.147762298583984
2024-04-04,EZU,47.62940216064453
2024-04-04,TSM,136.04808044433594
2024-04-05,SPY,506.1127014160156
2024-04-05,EWJ,65.29878234863281
2024-04-05,EWY,63.13821029663086
2024-04-05,EZU,47.761573791503906
2024-04-05,TSM,137.70413208007812
2024-04-08,SPY,506.3958740234375
2024-04-08,EWJ,65.6258773803711
2024-04-08,EWY,63.271934509277344
2024-04-08,EZU,48.05424499511719
2024-04-08,TSM,139.09713745117188
2024-04-09,SPY,506.9815368652344
2024-04-09,EWJ,65.8688735961914
2024-04-09,EWY,62.918521881103516
2024-04-09,EZU,47.837100982666016
2024-04-09,TSM,141.63963317871094
2024-04-10,SPY,501.9051513671875
2024-04-10,EWJ,64.84082794189453
2024-04-10,EWY,60.51143264770508
2024-04-10,EZU,47.21399688720703
2024-04-10,TSM,142.4384307861328
2024-04-11,SPY,505.6929626464844
2024-04-11,EWJ,65.41091918945312
2024-04-11,EWY,62.011085510253906
2024-04-11,EZU,47.17623519897461
2024-04-11,TSM,143.39308166503906
2024-04-12,SPY,498.7128601074219
2024-04-12,EWJ,64.5417709350586
2024-04-12,EWY,59.80459213256836
2024-04-12,EZU,46.25102996826172
2024-04-12,TSM,138.83412170410156
2024-04-15,SPY,492.4648742675781
2024-04-15,EWJ,64.27073669433594
2024-04-15,EWY,59.470272064208984
2024-04-15,EZU,46.19438171386719
2024-04-15,TSM,136.51565551757812
2024-04-16,SPY,491.5667419433594
2024-04-16,EWJ,63.3735466003418
2024-04-16,EWY,58.543739318847656
2024-04-16,EZU,46.03388214111328
2024-04-16,TSM,136.18446350097656
2024-04-17,SPY,488.6575622558594
2024-04-17,EWJ,62.700653076171875
2024-04-17,EWY,58.1521110534668
2024-04-17,EZU,46.052764892578125
2024-04-17,TSM,135.4343719482422
2024-04-18,SPY,487.6519775390625
2024-04-18,EWJ,62.513736724853516
2024-04-18,EWY,59.0308837890625
2024-04-18,EZU,46.00556182861328
2024-04-18,TSM,128.84922790527344
2024-04-19,SPY,483.3956298828125
2024-04-19,EWJ,62.1399040222168
2024-04-19,EWY,58.572391510009766
2024-04-19,EZU,46.00556182861328
2024-04-19,TSM,124.39739227294922
2024-04-22,SPY,487.8472900390625
2024-04-22,EWJ,62.775421142578125
2024-04-22,EWY,59.871456146240234
2024-04-22,EZU,46.53425598144531
2024-04-22,TSM,126.39437103271484
2024-04-23,SPY,493.6363830566406
2024-04-23,EWJ,62.91560363769531
2024-04-23,EWY,60.167564392089844
2024-04-23,EZU,47.308406829833984
2024-04-23,TSM,129.9791717529297
2024-04-24,SPY,493.402099609375
2024-04-24,EWJ,63.1866340637207
2024-04-24,EWY,60.32994842529297
2024-04-24,EZU,47.13847351074219
2024-04-24,TSM,129.5310821533203
2024-04-25,SPY,491.5276794433594
2024-04-25,EWJ,62.205326080322266
2024-04-25,EWY,60.08159637451172
2024-04-25,EZU,46.94965744018555
2024-04-25,TSM,133.04774475097656
2024-04-26,SPY,496.1843566894531
2024-04-26,EWJ,62.738033294677734
2024-04-26,EWY,60.50188446044922
2024-04-26,EZU,47.34617233276367
2024-04-26,TSM,134.7232666015625
2024-04-29,SPY,497.9416198730469
2024-04-29,EWJ,63.30812454223633
2024-04-29,EWY,61.15140914916992
2024-04-29,EZU,47.355613708496094
2024-04-29,TSM,134.9180908203125
2024-04-30,SPY,490.0535888671875
2024-04-30,EWJ,62.868873596191406
2024-04-30,EWY,60.224876403808594
2024-04-30,EZU,46.50593185424805
2024-04-30,TSM,133.78807067871094
2024-05-01,SPY,488.46234130859375
2024-05-01,EWJ,62.71935272216797
2024-05-01,EWY,60.263084411621094
2024-05-01,EZU,46.345436096191406
2024-05-01,TSM,131.45013427734375
2024-05-02,SPY,493.0310974121094
2024-05-02,EWJ,63.99036407470703
2024-05-02,EWY,61.57169723510742
2024-05-02,EZU,46.88357162475586
2024-05-02,TSM,132.706787109375
2024-05-03,SPY,499.14239501953125
2024-05-03,EWJ,64.72867584228516
2024-05-03,EWY,62.259437561035156
2024-05-03,EZU,47.317848205566406
2024-05-03,TSM,137.89894104003906
2024-05-06,SPY,504.29693603515625
2024-05-06,EWJ,65.11186218261719
2024-05-06,EWY,62.80389404296875
2024-05-06,EZU,47.761573791503906
2024-05-06,TSM,139.1361083984375
2024-05-07,SPY,504.85345458984375
2024-05-07,EWJ,64.40158081054688
2024-05-07,EWY,62.746585845947266
2024-05-07,EZU,48.092002868652344
2024-05-07,TSM,137.4605712890625
2024-05-08,SPY,504.9021301269531
2024-05-08,EWJ,63.588504791259766
2024-05-08,EWY,62.88031005859375
2024-05-08,EZU,48.299705505371094
2024-05-08,TSM,139.8861846923828
2024-05-09,SPY,507.8113708496094
2024-05-09,EWJ,63.86886978149414
2024-05-09,EWY,62.18301773071289
2024-05-09,EZU,48.76231002807617
2024-05-09,TSM,139.09713745117188
2024-05-10,SPY,508.46551513671875
2024-05-10,EWJ,63.50438690185547
2024-05-10,EWY,61.972877502441406
2024-05-10,EZU,48.95112991333008
2024-05-10,TSM,145.3997802734375
2024-05-13,SPY,508.5338134765625
2024-05-13,EWJ,63.252052307128906
2024-05-13,EWY,62.116153717041016
2024-05-13,EZU,48.97000503540039
2024-05-13,TSM,142.62353515625
2024-05-14,SPY,510.8670349121094
2024-05-14,EWJ,63.747379302978516
2024-05-14,EWY,62.6319580078125
2024-05-14,EZU,49.36652755737305
2024-05-14,TSM,148.02023315429688
2024-05-15,SPY,517.193115234375
2024-05-15,EWJ,64.45765686035156
2024-05-15,EWY,63.921470642089844
2024-05-15,EZU,49.85745620727539
2024-05-15,TSM,151.55636596679688
2024-05-16,SPY,516.1289672851562
2024-05-16,EWJ,63.803443908691406
2024-05-16,EWY,63.396114349365234
2024-05-16,EZU,49.4326171875
2024-05-16,TSM,148.29299926757812
2024-05-17,SPY,516.8709106445312
2024-05-17,EWJ,64.23336029052734
2024-05-17,EWY,62.52688980102539
2024-05-17,EZU,49.55534744262695
2024-05-17,TSM,147.7572021484375
2024-05-20,SPY,517.4664306640625
2024-05-20,EWJ,64.69129943847656
2024-05-20,EWY,62.31674575805664
2024-05-20,EZU,49.53646469116211
2024-05-20,TSM,149.57882690429688
2024-05-21,SPY,518.7355346679688
2024-05-21,EWJ,64.31746673583984
2024-05-21,EWY,61.944217681884766
2024-05-21,EZU,49.4326171875
2024-05-21,TSM,149.6957550048828
2024-05-22,SPY,517.2418823242188
2024-05-22,EWJ,63.56980514526367
2024-05-22,EWY,61.64811325073242
2024-05-22,EZU,49.0172119140625
2024-05-22,TSM,152.11158752441406
2024-05-23,SPY,513.4638671875
2024-05-23,EWJ,63.28943634033203
2024-05-23,EWY,61.0176887512207
2024-05-23,EZU,48.800071716308594
2024-05-23,TSM,153.02731323242188
2024-05-24,SPY,516.8612060546875
2024-05-24,EWJ,63.98101806640625
2024-05-24,EWY,61.22782516479492
2024-05-24,EZU,49.272117614746094
2024-05-24,TSM,155.862060546875
2024-05-28,SPY,517.2223510742188
2024-05-28,EWJ,64.34551239013672
2024-05-28,EWY,61.8296012878418
2024-05-28,EZU,49.30988311767578
2024-05-28,TSM,155.28729248046875
2024-05-29,SPY,513.6004638671875
2024-05-29,EWJ,63.0557975769043
2024-05-29,EWY,60.320396423339844
2024-05-29,EZU,48.44131851196289
2024-05-29,TSM,150.34841918945312
2024-05-30,SPY,510.1934814453125
2024-05-30,EWJ,63.6071891784668
2024-05-30,EWY,59.68996810913086
2024-05-30,EZU,48.81895446777344
2024-05-30,TSM,149.00413513183594
2024-05-31,SPY,514.8403930664062
2024-05-31,EWJ,64.45765686035156
2024-05-31,EWY,59.39385986328125
2024-05-31,EZU,49.11162185668945
2024-05-31,TSM,147.13375854492188
2024-06-03,SPY,515.260009765625
2024-06-03,EWJ,64.85952758789062
2024-06-03,EWY,60.37770462036133
2024-06-03,EZU,49.23435974121094
2024-06-03,TSM,150.942626953125
2024-06-04,SPY,515.8361206054688
2024-06-04,EWJ,64.93428802490234
2024-06-04,EWY,60.167564392089844
2024-06-04,EZU,48.885040283203125
2024-06-04,TSM,148.52679443359375
2024-06-05,SPY,521.966796875
2024-06-05,EWJ,64.74736785888672
2024-06-05,EWY,61.30424499511719
2024-06-05,EZU,49.56478500366211
2024-06-05,TSM,158.7064971923828
2024-06-06,SPY,521.9571533203125
2024-06-06,EWJ,64.7099838256836
2024-06-06,EWY,61.7913932800293
2024-06-06,EZU,49.696956634521484
2024-06-06,TSM,157.87850952148438
2024-06-07,SPY,521.3225708007812
2024-06-07,EWJ,64.23336029052734
2024-06-07,EWY,60.80754089355469
2024-06-07,EZU,49.0172119140625
2024-06-07,TSM,160.13851928710938
2024-06-10,SPY,522.9334106445312
2024-06-10,EWJ,64.8034439086914
2024-06-10,EWY,61.30424499511719
2024-06-10,EZU,48.69622802734375
2024-06-10,TSM,163.81100463867188
2024-06-11,SPY,524.1926879882812
2024-06-11,EWJ,64.07756042480469
2024-06-11,EWY,60.92216491699219
2024-06-11,EZU,48.00533676147461
2024-06-11,TSM,161.42437744140625
2024-06-12,SPY,528.4979858398438
2024-06-12,EWJ,64.38825225830078
2024-06-12,EWY,62.44092559814453
2024-06-12,EZU,48.79547119140625
2024-06-12,TSM,168.50636291503906
2024-06-13,SPY,529.56201171875
2024-06-13,EWJ,63.2208137512207
2024-06-13,EWY,61.934669494628906
2024-06-13,EZU,47.75481033325195
2024-06-13,TSM,168.9695587158203
2024-06-14,SPY,529.8843383789062
2024-06-14,EWJ,63.20197677612305
2024-06-14,EWY,61.629005432128906
2024-06-14,EZU,46.62742233276367
2024-06-14,TSM,168.57864379882812
2024-06-17,SPY,534.1015014648438
2024-06-17,EWJ,62.712406158447266
2024-06-17,EWY,62.125709533691406
2024-06-17,EZU,47.24411392211914
2024-06-17,TSM,173.2008819580078
2024-06-18,SPY,535.4586181640625
2024-06-18,EWJ,62.759490966796875
2024-06-18,EWY,62.689273834228516
2024-06-18,EZU,47.49464416503906
2024-06-18,TSM,175.5950469970703
2024-06-20,SPY,534.0039672851562
2024-06-20,EWJ,62.59001922607422
2024-06-20,EWY,62.43136978149414
2024-06-20,EZU,47.54281997680664
2024-06-20,TSM,171.3832550048828
2024-06-21,SPY,533.2880249023438
2024-06-21,EWJ,62.147518157958984
2024-06-21,EWY,62.202125549316406
2024-06-21,EZU,47.14775848388672
2024-06-21,TSM,169.99563598632812
2024-06-24,SPY,531.5545043945312
2024-06-24,EWJ,62.618263244628906
2024-06-24,EWY,62.068397521972656
2024-06-24,EZU,47.55245590209961
2024-06-24,TSM,163.9857635498047
2024-06-25,SPY,533.6014404296875
2024-06-25,EWJ,63.606815338134766
2024-06-25,EWY,62.116153717041016
2024-06-25,EZU,47.54281997680664
2024-06-25,TSM,168.66661071777344
2024-06-26,SPY,534.2674560546875
2024-06-26,EWJ,63.37144470214844
2024-06-26,EWY,62.31674575805664
2024-06-26,EZU,47.138118743896484
2024-06-26,TSM,168.14869689941406
2024-06-27,SPY,535.109619140625
2024-06-27,EWJ,63.69155502319336
2024-06-27,EWY,62.842105865478516
2024-06-27,EZU,47.099578857421875
2024-06-27,TSM,167.71871948242188
2024-06-28,SPY,533.0039672851562
2024-06-28,EWJ,64.24703216552734
2024-06-28,EWY,63.12865447998047
2024-06-28,EZU,47.05139923095703
2024-06-28,TSM,169.84902954101562
2024-07-01,SPY,534.1008911132812
2024-07-01,EWJ,63.823368072509766
2024-07-01,EWY,63.15732192993164
2024-07-01,EZU,47.5235481262207
2024-07-01,TSM,168.4027557373047
2024-07-02,SPY,537.6953125
2024-07-02,EWJ,64.83075714111328
2024-07-02,EWY,63.195526123046875
2024-07-02,EZU,47.35010528564453
2024-07-02,TSM,171.69593811035156
2024-07-03,SPY,540.0947875976562
2024-07-03,EWJ,65.42388916015625
2024-07-03,EWY,63.8546028137207
2024-07-03,EZU,48.12096405029297
2024-07-03,TSM,178.33123779296875
2024-07-05,SPY,543.2093505859375
2024-07-05,EWJ,65.86638641357422
2024-07-05,EWY,65.87005615234375
2024-07-05,EZU,48.52566909790039
2024-07-05,TSM,179.7970428466797
2024-07-08,SPY,543.8361206054688
2024-07-08,EWJ,65.54629516601562
2024-07-08,EWY,65.1536636352539
2024-07-08,EZU,48.198055267333984
2024-07-08,TSM,182.37689208984375
2024-07-09,SPY,544.3649291992188
2024-07-09,EWJ,65.904052734375
2024-07-09,EWY,65.0772476196289
2024-07-09,EZU,47.668087005615234
2024-07-09,TSM,180.31497192382812
2024-07-10,SPY,549.7515869140625
2024-07-10,EWJ,67.10914611816406
2024-07-10,EWY,65.71723175048828
2024-07-10,EZU,48.35222625732422
2024-07-10,TSM,186.69615173339844
2024-07-11,SPY,545.0112915039062
2024-07-11,EWJ,66.85494995117188
2024-07-11,EWY,65.7649917602539
2024-07-11,EZU,48.535301208496094
2024-07-11,TSM,180.29544067382812
2024-07-12,SPY,548.448974609375
2024-07-12,EWJ,67.22212982177734
2024-07-12,EWY,65.5739517211914
2024-07-12,EZU,49.200172424316406
2024-07-12,TSM,183.08047485351562
2024-07-15,SPY,549.957275390625
2024-07-15,EWJ,66.90202331542969
2024-07-15,EWY,64.58055877685547
2024-07-15,EZU,48.66057205200195
2024-07-15,TSM,180.9990234375
2024-07-16,SPY,553.2186889648438
2024-07-16,EWJ,67.69287109375
2024-07-16,EWY,65.17277526855469
2024-07-16,EZU,48.70874786376953
2024-07-16,TSM,181.80032348632812
2024-07-17,SPY,545.4618530273438
2024-07-17,EWJ,67.29745483398438
2024-07-17,EWY,64.07430267333984
2024-07-17,EZU,48.149879455566406
2024-07-17,TSM,167.2985076904297
2024-07-18,SPY,541.27001953125
2024-07-18,EWJ,66.2806396484375
2024-07-18,EWY,63.014041900634766
2024-07-18,EZU,47.88007354736328
2024-07-18,TSM,167.95323181152344
2024-07-19,SPY,537.6757202148438
2024-07-19,EWJ,65.86638641357422
2024-07-19,EWY,62.30719757080078
2024-07-19,EZU,47.465736389160156
2024-07-19,TSM,161.9922637939453
2024-07-22,SPY,543.2190551757812
2024-07-22,EWJ,66.18649291992188
2024-07-22,EWY,62.842105865478516
2024-07-22,EZU,48.32331848144531
2024-07-22,TSM,165.49069213867188
2024-07-23,SPY,542.366943359375
2024-07-23,EWJ,66.1300048828125
2024-07-23,EWY,62.5555419921875
2024-07-23,EZU,47.9475212097168
2024-07-23,TSM,165.949951171875
2024-07-24,SPY,530.0755615234375
2024-07-24,EWJ,64.83075714111328
2024-07-24,EWY,61.61946105957031
2024-07-24,EZU,47.24411392211914
2024-07-24,TSM,156.15830993652344
2024-07-25,SPY,527.313720703125
2024-07-25,EWJ,63.81394577026367
2024-07-25,EWY,61.18961715698242
2024-07-25,EZU,46.99358367919922
2024-07-25,TSM,156.6273651123047
2024-07-26,SPY,533.2194213867188
2024-07-26,EWJ,64.67070007324219
2024-07-26,EWY,62.1352653503418
2024-07-26,EZU,47.68735885620117
2024-07-26,TSM,158.2495574951172
2024-07-29,SPY,533.5328979492188
2024-07-29,EWJ,64.82134246826172
2024-07-29,EWY,62.1352653503418
2024-07-29,EZU,47.186302185058594
2024-07-29,TSM,156.36351013183594
2024-07-30,SPY,530.829833984375
2024-07-30,EWJ,64.90607452392578
2024-07-30,EWY,61.629005432128906
2024-07-30,EZU,47.29229736328125
2024-07-30,TSM,151.01817321777344
2024-07-31,SPY,539.4581909179688
2024-07-31,EWJ,66.81729125976562
2024-07-31,EWY,63.568050384521484
2024-07-31,EZU,47.61027145385742
2024-07-31,TSM,162.02159118652344
2024-08-01,SPY,531.8189697265625
2024-08-01,EWJ,63.597415924072266
2024-08-01,EWY,62.39316177368164
2024-08-01,EZU,46.37689971923828
2024-08-01,TSM,154.57522583007812
2024-08-02,SPY,521.9172973632812
2024-08-02,EWJ,60.86709976196289
2024-08-02,EWY,60.70247268676758
2024-08-02,EZU,46.01073455810547
2024-08-02,TSM,146.44482421875
2024-08-05,SPY,506.7171630859375
2024-08-05,EWJ,59.718482971191406
2024-08-05,EWY,57.41661071777344
2024-08-05,EZU,45.24951171875
2024-08-05,TSM,144.57835388183594
2024-08-06,SPY,511.388916015625
2024-08-06,EWJ,59.42662048339844
2024-08-06,EWY,56.77662658691406
2024-08-06,EZU,45.25914764404297
2024-08-06,TSM,151.84881591796875
2024-08-07,SPY,507.9707336425781
2024-08-07,EWJ,60.415184020996094
2024-08-07,EWY,57.27333068847656
2024-08-07,EZU,45.45185852050781
2024-08-07,TSM,151.5067596435547
2024-08-08,SPY,519.7136840820312
2024-08-08,EWJ,61.69560241699219
2024-08-08,EWY,58.715675354003906
2024-08-08,EZU,46.08782196044922
2024-08-08,TSM,160.80006408691406
2024-08-09,SPY,522.0054321289062
2024-08-09,EWJ,61.54496765136719
2024-08-09,EWY,59.43206787109375
2024-08-09,EZU,46.24199676513672
2024-08-09,TSM,163.31149291992188
2024-08-12,SPY,522.2797241210938
2024-08-12,EWJ,61.8838996887207
2024-08-12,EWY,59.470272064208984
2024-08-12,EZU,46.09745788574219
2024-08-12,TSM,163.8098602294922
2024-08-13,SPY,530.8689575195312
2024-08-13,EWJ,63.65389633178711
2024-08-13,EWY,60.74068069458008
2024-08-13,EZU,46.762325286865234
2024-08-13,TSM,168.4125213623047
2024-08-14,SPY,532.543701171875
2024-08-14,EWJ,63.748043060302734
2024-08-14,EWY,60.85530090332031
2024-08-14,EZU,47.00321578979492
2024-08-14,TSM,166.09654235839844
2024-08-15,SPY,541.671630859375
2024-08-15,EWJ,64.97197723388672
2024-08-15,EWY,61.45707321166992
2024-08-15,EZU,47.63917922973633
2024-08-15,TSM,169.99563598632812
2024-08-16,SPY,542.8860473632812
2024-08-16,EWJ,65.3109130859375
2024-08-16,EWY,62.60330581665039
2024-08-16,EZU,47.99570846557617
2024-08-16,TSM,170.56240844726562
2024-08-19,SPY,548.0767822265625
2024-08-19,EWJ,66.24298095703125
2024-08-19,EWY,63.31014633178711
2024-08-19,EZU,48.58348083496094
2024-08-19,TSM,171.45166015625
2024-08-20,SPY,547.1856689453125
2024-08-20,EWJ,65.9228744506836
2024-08-20,EWY,63.348350524902344
2024-08-20,EZU,48.487125396728516
2024-08-20,TSM,168.1193389892578
2024-08-21,SPY,549.0660400390625
2024-08-21,EWJ,66.68547821044922
2024-08-21,EWY,63.41521453857422
2024-08-21,EZU,49.03636169433594
2024-08-21,TSM,167.53305053710938
2024-08-22,SPY,544.7566528320312
2024-08-22,EWJ,66.19590759277344
2024-08-22,EWY,62.211673736572266
2024-08-22,EZU,48.602752685546875
2024-08-22,TSM,162.64700317382812
2024-08-23,SPY,550.5448608398438
2024-08-23,EWJ,67.72111511230469
2024-08-23,EWY,64.19847106933594
2024-08-23,EZU,49.42179489135742
2024-08-23,TSM,167.37669372558594
2024-08-26,SPY,549.2325439453125
2024-08-26,EWJ,66.873779296875
2024-08-26,EWY,63.12865447998047
2024-08-26,EZU,49.25798797607422
2024-08-26,TSM,165.21705627441406
2024-08-27,SPY,549.9866943359375
2024-08-27,EWJ,67.53282165527344
2024-08-27,EWY,63.21462631225586
2024-08-27,EZU,49.43143081665039
2024-08-27,TSM,166.66331481933594
2024-08-28,SPY,546.7938232421875
2024-08-28,EWJ,67.24095916748047
2024-08-28,EWY,62.57465362548828
2024-08-28,EZU,49.238712310791016
2024-08-28,TSM,165.34408569335938
2024-08-29,SPY,546.8427734375
2024-08-29,EWJ,67.35394287109375
2024-08-29,EWY,62.47913360595703
2024-08-29,EZU,49.325439453125
2024-08-29,TSM,165.29522705078125
2024-08-30,SPY,552.0628662109375
2024-08-30,EWJ,67.75877380371094
2024-08-30,EWY,62.56509780883789
2024-08-30,EZU,49.498878479003906
2024-08-30,TSM,167.787109375
2024-09-03,SPY,540.7019653320312
2024-09-03,EWJ,66.7419662475586
2024-09-03,EWY,60.40636444091797
2024-09-03,EZU,48.58348083496094
2024-09-03,TSM,156.83258056640625
2024-09-04,SPY,539.5953369140625
2024-09-04,EWJ,66.0546875
2024-09-04,EWY,60.42546463012695
2024-09-04,EZU,48.43894577026367
2024-09-04,TSM,157.20391845703125
2024-09-05,SPY,538.282958984375
2024-09-05,EWJ,66.45011138916016
2024-09-05,EWY,60.024288177490234
2024-09-05,EZU,48.419677734375
2024-09-05,TSM,159.9694366455078
2024-09-06,SPY,529.2236328125
2024-09-06,EWJ,64.10580444335938
2024-09-06,EWY,57.78913497924805
2024-09-06,EZU,47.57173156738281
2024-09-06,TSM,153.24623107910156
2024-09-09,SPY,535.1488037109375
2024-09-09,EWJ,65.27324676513672
2024-09-09,EWY,58.88760757446289
2024-09-09,EZU,47.95716094970703
2024-09-09,TSM,159.0703887939453
2024-09-10,SPY,537.4797973632812
2024-09-10,EWJ,65.09436798095703
2024-09-10,EWY,58.534183502197266
2024-09-10,EZU,47.6488151550293
2024-09-10,TSM,158.72837829589844
2024-09-11,SPY,542.9937744140625
2024-09-11,EWJ,65.48979949951172
2024-09-11,EWY,58.897159576416016
2024-09-11,EZU,48.1016960144043
2024-09-11,TSM,166.35060119628906
2024-09-12,SPY,547.567626953125
2024-09-12,EWJ,66.13941955566406
2024-09-12,EWY,59.70907211303711
2024-09-12,EZU,48.37149429321289
2024-09-12,TSM,168.14158630371094
2024-09-13,SPY,550.4273681640625
2024-09-13,EWJ,65.78166198730469
2024-09-13,EWY,60.46367263793945
2024-09-13,EZU,48.67984390258789
2024-09-13,TSM,169.19107055664062
2024-09-16,SPY,551.2402954101562
2024-09-16,EWJ,66.4124526977539
2024-09-16,EWY,60.6738166809082
2024-09-16,EZU,48.968910217285156
2024-09-16,TSM,165.836669921875
2024-09-17,SPY,551.465576171875
2024-09-17,EWJ,65.63101959228516
2024-09-17,EWY,60.38726043701172
2024-09-17,EZU,48.901466369628906
2024-09-17,TSM,164.13986206054688
2024-09-18,SPY,549.8298950195312
2024-09-18,EWJ,65.3297348022461
2024-09-18,EWY,60.42546463012695
2024-09-18,EZU,48.75692367553711
2024-09-18,TSM,164.07118225097656
2024-09-19,SPY,559.2125244140625
2024-09-19,EWJ,67.06208038330078
2024-09-19,EWY,61.04634094238281
2024-09-19,EZU,49.82649230957031
2024-09-19,TSM,172.83970642089844
2024-09-20,SPY,558.2459106445312
2024-09-20,EWJ,67.09972381591797
2024-09-20,EWY,60.4827766418457
2024-09-20,EZU,49.12308120727539
2024-09-20,TSM,170.74073791503906
2024-09-23,SPY,559.640869140625
2024-09-23,EWJ,67.50457763671875
2024-09-23,EWY,60.83619689941406
2024-09-23,EZU,49.1712646484375
2024-09-23,TSM,171.40771484375
2024-09-24,SPY,561.2420654296875
2024-09-24,EWJ,66.92085266113281
2024-09-24,EWY,62.125709533691406
2024-09-24,EZU,49.778316497802734
2024-09-24,TSM,178.47940063476562
2024-09-25,SPY,560.0043334960938
2024-09-25,EWJ,66.79845428466797
2024-09-25,EWY,60.5209846496582
2024-09-25,EZU,49.4603385925293
2024-09-25,TSM,178.8521270751953
2024-09-26,SPY,562.2244873046875
2024-09-26,EWJ,68.71908569335938
2024-09-26,EWY,64.07430267333984
2024-09-26,EZU,50.79007339477539
2024-09-26,TSM,183.24620056152344
2024-09-27,SPY,561.4091186523438
2024-09-27,EWJ,66.92085266113281
2024-09-27,EWY,63.367454528808594
2024-09-27,EZU,50.86716079711914
2024-09-27,TSM,174.55613708496094
2024-09-30,SPY,563.6588745117188
2024-09-30,EWJ,67.35394287109375
2024-09-30,EWY,61.09410095214844
2024-09-30,EZU,50.32755661010742
2024-09-30,TSM,170.33863830566406
2024-10-01,SPY,558.6093139648438
2024-10-01,EWJ,67.44808197021484
2024-10-01,EWY,60.63560485839844
2024-10-01,EZU,49.585601806640625
2024-10-01,TSM,168.7693328857422
2024-10-02,SPY,558.8450927734375
2024-10-02,EWJ,67.06208038330078
2024-10-02,EWY,60.5591926574707
2024-10-02,EZU,49.43143081665039
2024-10-02,TSM,172.4277801513672
2024-10-03,SPY,557.8234252929688
2024-10-03,EWJ,66.79845428466797
2024-10-03,EWY,59.890560150146484
2024-10-03,EZU,48.91109848022461
2024-10-03,TSM,176.03717041015625
2024-10-04,SPY,562.8924560546875
2024-10-04,EWJ,67.67404174804688
2024-10-04,EWY,59.890560150146484
2024-10-04,EZU,49.26762390136719
2024-10-04,TSM,177.6849365234375
2024-10-07,SPY,557.8037719726562
2024-10-07,EWJ,66.88319396972656
2024-10-07,EWY,60.19622039794922
2024-10-07,EZU,48.949642181396484
2024-10-07,TSM,180.97068786621094
2024-10-08,SPY,563.0792236328125
2024-10-08,EWJ,67.09032440185547
2024-10-08,EWY,60.54964065551758
2024-10-08,EZU,49.0074577331543
2024-10-08,TSM,182.48114013671875
2024-10-09,SPY,566.9793701171875
2024-10-09,EWJ,66.7419662475586
2024-10-09,EWY,60.7120246887207
2024-10-09,EZU,49.13272476196289
2024-10-09,TSM,183.55023193359375
2024-10-10,SPY,565.9871215820312
2024-10-10,EWJ,66.75138854980469
2024-10-10,EWY,60.47322463989258
2024-10-10,EZU,48.978553771972656
2024-10-10,TSM,182.21633911132812
2024-10-11,SPY,569.3763427734375
2024-10-11,EWJ,66.89260864257812
2024-10-11,EWY,60.54964065551758
2024-10-11,EZU,49.25798797607422
2024-10-11,TSM,187.1498260498047
2024-10-14,SPY,574.0328979492188
2024-10-14,EWJ,67.00558471679688
2024-10-14,EWY,60.72157287597656
2024-10-14,EZU,49.52779006958008
2024-10-14,TSM,188.5229949951172
2024-10-15,SPY,569.5729370117188
2024-10-15,EWJ,65.63101959228516
2024-10-15,EWY,59.31744384765625
2024-10-15,EZU,48.47748947143555
2024-10-15,TSM,183.54043579101562
2024-10-16,SPY,572.048583984375
2024-10-16,EWJ,66.02644348144531
2024-10-16,EWY,60.052940368652344
2024-10-16,EZU,48.41004180908203
2024-10-16,TSM,183.8837127685547
2024-10-17,SPY,572.0975341796875
2024-10-17,EWJ,65.67809295654297
2024-10-17,EWY,59.59444808959961
2024-10-17,EZU,48.52566909790039
2024-10-17,TSM,201.8915252685547
2024-10-18,SPY,574.2981567382812
2024-10-18,EWJ,66.02644348144531
2024-10-18,EWY,59.288787841796875
2024-10-18,EZU,49.026729583740234
2024-10-18,TSM,196.9285888671875
2024-10-21,SPY,573.3550415039062
2024-10-21,EWJ,64.93431854248047
2024-10-21,EWY,58.83029556274414
2024-10-21,EZU,48.44858169555664
2024-10-21,TSM,198.07615661621094
2024-10-22,SPY,573.050537109375
2024-10-22,EWJ,64.07756042480469
2024-10-22,EWY,58.1521110534668
2024-10-22,EZU,48.226959228515625
2024-10-22,TSM,194.67271423339844
2024-10-23,SPY,567.8142700195312
2024-10-23,EWJ,62.76890182495117
2024-10-23,EWY,58.47687530517578
2024-10-23,EZU,47.889713287353516
2024-10-23,TSM,197.00706481933594
2024-10-24,SPY,569.0422973632812
2024-10-24,EWJ,63.286720275878906
2024-10-24,EWY,58.49597930908203
2024-10-24,EZU,48.198055267333984
2024-10-24,TSM,194.13327026367188
2024-10-25,SPY,568.8458251953125
2024-10-25,EWJ,63.305538177490234
2024-10-25,EWY,58.40045928955078
2024-10-25,EZU,47.99570846557617
2024-10-25,TSM,199.53758239746094
2024-10-28,SPY,570.6043701171875
2024-10-28,EWJ,63.73862838745117
2024-10-28,EWY,58.954471588134766
2024-10-28,EZU,48.44858169555664
2024-10-28,TSM,190.9456024169922
2024-10-29,SPY,571.5277709960938
2024-10-29,EWJ,64.3600082397461
2024-10-29,EWY,58.916263580322266
2024-10-29,EZU,48.159507751464844
2024-10-29,TSM,193.16226196289062
2024-10-30,SPY,569.7987670898438
2024-10-30,EWJ,64.41649627685547
2024-10-30,EWY,58.0756950378418
2024-10-30,EZU,47.75481033325195
2024-10-30,TSM,190.7494354248047
2024-10-31,SPY,558.6289672851562
2024-10-31,EWJ,64.08697509765625
2024-10-31,EWY,57.22557067871094
2024-10-31,EZU,47.50428009033203
2024-10-31,TSM,186.885009765625
2024-11-01,SPY,560.9867553710938
2024-11-01,EWJ,64.00225067138672
2024-11-01,EWY,57.33064651489258
2024-11-01,EZU,47.6488151550293
2024-11-01,TSM,189.24879455566406
2024-11-04,SPY,559.7783203125
2024-11-04,EWJ,64.0587387084961
2024-11-04,EWY,58.17121124267578
2024-11-04,EZU,47.629539489746094
2024-11-04,TSM,187.88543701171875
2024-11-05,SPY,566.5470581054688
2024-11-05,EWJ,65.0284652709961
2024-11-05,EWY,58.381351470947266
2024-11-05,EZU,48.09206008911133
2024-11-05,TSM,192.00486755371094
2024-11-06,SPY,580.6346435546875
2024-11-06,EWJ,65.32032012939453
2024-11-06,EWY,56.70976638793945
2024-11-06,EZU,46.72378158569336
2024-11-06,TSM,189.51361083984375
2024-11-07,SPY,585.1240844726562
2024-11-07,EWJ,65.88522338867188
2024-11-07,EWY,57.9992790222168
2024-11-07,EZU,47.5235481262207
2024-11-07,TSM,197.33071899414062
2024-11-08,SPY,587.6588134765625
2024-11-08,EWJ,65.36740112304688
2024-11-08,EWY,56.547386169433594
2024-11-08,EZU,46.77196502685547
2024-11-08,TSM,197.3405303955078
2024-11-11,SPY,588.2186889648438
2024-11-11,EWJ,65.52745819091797
2024-11-11,EWY,55.754573822021484
2024-11-11,EZU,46.7430534362793
2024-11-11,TSM,190.3277130126953
2024-11-12,SPY,586.3914184570312
2024-11-12,EWJ,64.49181365966797
2024-11-12,EWY,54.30268478393555
2024-11-12,EZU,45.740936279296875
2024-11-12,TSM,188.09141540527344
2024-11-13,SPY,586.67626953125
2024-11-13,EWJ,63.77628707885742
2024-11-13,EWY,53.37614822387695
2024-11-13,EZU,45.46149826049805
2024-11-13,TSM,183.0794677734375
2024-11-14,SPY,582.9039306640625
2024-11-14,EWJ,63.85160446166992
2024-11-14,EWY,53.22331619262695
2024-11-14,EZU,45.81801986694336
2024-11-14,TSM,184.88414001464844
2024-11-15,SPY,575.437744140625
2024-11-15,EWJ,63.54091262817383
2024-11-15,EWY,53.68180847167969
2024-11-15,EZU,45.702392578125
2024-11-15,TSM,182.44189453125
2024-11-18,SPY,577.7955322265625
2024-11-18,EWJ,63.9080924987793
2024-11-18,EWY,55.200565338134766
2024-11-18,EZU,45.89510726928711
2024-11-18,TSM,183.8837127685547
2024-11-19,SPY,579.90771484375
2024-11-19,EWJ,63.81394577026367
2024-11-19,EWY,54.952213287353516
2024-11-19,EZU,45.634944915771484
2024-11-19,TSM,186.03170776367188
2024-11-20,SPY,580.1041259765625
2024-11-20,EWJ,63.343204498291016
2024-11-20,EWY,54.81848907470703
2024-11-20,EZU,45.46149826049805
2024-11-20,TSM,184.74685668945312
2024-11-21,SPY,583.21826171875
2024-11-21,EWJ,63.522090911865234
2024-11-21,EWY,55.41070556640625
2024-11-21,EZU,45.28805923461914
2024-11-21,TSM,187.57159423828125
2024-11-22,SPY,585.0259399414062
2024-11-22,EWJ,63.9739990234375
2024-11-22,EWY,55.52532958984375
2024-11-22,EZU,45.32659912109375
2024-11-22,TSM,186.43385314941406
2024-11-25,SPY,587.0103759765625
2024-11-25,EWJ,64.41649627685547
2024-11-25,EWY,56.10799789428711
2024-11-25,EZU,45.65421676635742
2024-11-25,TSM,181.52976989746094
2024-11-26,SPY,590.075439453125
2024-11-26,EWJ,64.08697509765625
2024-11-26,EWY,55.97426986694336
2024-11-26,EZU,45.32659912109375
2024-11-26,TSM,180.3135223388672
2024-11-27,SPY,588.2874755859375
2024-11-27,EWJ,63.9080924987793
2024-11-27,EWY,55.534881591796875
2024-11-27,EZU,45.577125549316406
2024-11-27,TSM,177.71438598632812
2024-11-29,SPY,591.9419555664062
2024-11-29,EWJ,65.61219024658203
2024-11-29,EWY,54.85669708251953
2024-11-29,EZU,46.116729736328125
2024-11-29,TSM,181.11782836914062
2024-12-02,SPY,593.0029296875
2024-12-02,EWJ,66.4124526977539
2024-12-02,EWY,54.1689567565918
2024-12-02,EZU,46.16490936279297
2024-12-02,TSM,190.6709747314453
2024-12-03,SPY,593.2779541015625
2024-12-03,EWJ,67.36335754394531
2024-12-03,EWY,53.30928421020508
2024-12-03,EZU,46.39617156982422
2024-12-03,TSM,195.07484436035156
2024-12-04,SPY,596.9619140625
2024-12-04,EWJ,66.98675537109375
2024-12-04,EWY,53.69136047363281
2024-12-04,EZU,46.656333923339844
2024-12-04,TSM,196.84033203125
2024-12-05,SPY,595.9796142578125
2024-12-05,EWJ,66.8643569946289
2024-12-05,EWY,53.03227996826172
2024-12-05,EZU,47.24411392211914
2024-12-05,TSM,200.38108825683594
2024-12-06,SPY,597.109375
2024-12-06,EWJ,66.92085266113281
2024-12-06,EWY,52.49736785888672
2024-12-06,EZU,47.465736389160156
2024-12-06,TSM,199.12564086914062
2024-12-09,SPY,594.034423828125
2024-12-09,EWJ,66.3371353149414
2024-12-09,EWY,51.26517105102539
2024-12-09,EZU,47.330833435058594
2024-12-09,TSM,195.34945678710938
2024-12-10,SPY,592.1876220703125
2024-12-10,EWJ,65.97936248779297
2024-12-10,EWY,51.51352310180664
2024-12-10,EZU,47.06103515625
2024-12-10,TSM,188.25816345214844
2024-12-11,SPY,596.7655639648438
2024-12-11,EWJ,66.91143798828125
2024-12-11,EWY,53.0131721496582
2024-12-11,EZU,47.1959342956543
2024-12-11,TSM,190.86715698242188
2024-12-12,SPY,593.6906127929688
2024-12-12,EWJ,66.25240325927734
2024-12-12,EWY,52.99407196044922
2024-12-12,EZU,46.93577194213867
2024-12-12,TSM,188.38369750976562
2024-12-13,SPY,593.5728149414062
2024-12-13,EWJ,65.4709701538086
2024-12-13,EWY,53.48121643066406
2024-12-13,EZU,47.089942932128906
2024-12-13,TSM,197.7605743408203
2024-12-16,SPY,596.1072998046875
2024-12-16,EWJ,65.13203430175781
2024-12-16,EWY,53.0895881652832
2024-12-16,EZU,46.9261360168457
2024-12-16,TSM,198.97079467773438
2024-12-17,SPY,593.6513061523438
2024-12-17,EWJ,64.90636444091797
2024-12-17,EWY,52.393226623535156
2024-12-17,EZU,46.72823715209961
2024-12-17,TSM,197.4358673095703
2024-12-18,SPY,575.95849609375
2024-12-18,EWJ,63.28084182739258
2024-12-18,EWY,50.965301513671875
2024-12-18,EZU,45.5544548034668
2024-12-18,TSM,192.41781616210938
2024-12-19,SPY,575.7815551757812
2024-12-19,EWJ,63.48163604736328
2024-12-19,EWY,51.434757232666016
2024-12-19,EZU,45.58355712890625
2024-12-19,TSM,191.5126190185547
2024-12-20,SPY,582.6973266601562
2024-12-20,EWJ,63.30952453613281
2024-12-20,EWY,51.19024658203125
2024-12-20,EZU,45.71936798095703
2024-12-20,TSM,194.04132080078125
2024-12-23,SPY,586.1865844726562
2024-12-23,EWJ,63.57725524902344
2024-12-23,EWY,51.610801696777344
2024-12-23,EZU,45.83577346801758
2024-12-23,TSM,204.02822875976562
2024-12-24,SPY,592.7020263671875
2024-12-24,EWJ,63.539005279541016
2024-12-24,EWY,51.552120208740234
2024-12-24,EZU,46.14619827270508
2024-12-24,TSM,203.01478576660156
2024-12-26,SPY,592.7415771484375
2024-12-26,EWJ,64.27527618408203
2024-12-26,EWY,50.82837677001953
2024-12-26,EZU,46.31111145019531
2024-12-26,TSM,199.79730224609375
2024-12-27,SPY,586.5020751953125
2024-12-27,EWJ,64.762939453125
2024-12-27,EWY,50.3295783996582
2024-12-27,EZU,46.12679672241211
2024-12-27,TSM,198.3903045654297
2024-12-30,SPY,579.80908203125
2024-12-30,EWJ,64.21791076660156
2024-12-30,EWY,50.06550979614258
2024-12-30,EZU,45.729068756103516
2024-12-30,TSM,197.17022705078125
2024-12-31,SPY,577.69970703125
2024-12-31,EWJ,64.16053771972656
2024-12-31,EWY,49.772098541259766
2024-12-31,EZU,45.78727340698242
2024-12-31,TSM,194.31683349609375
2025-01-02,SPY,576.2802734375
2025-01-02,EWJ,64.07447814941406
2025-01-02,EWY,49.997047424316406
2025-01-02,EZU,45.4283447265625
2025-01-02,TSM,198.34109497070312
2025-01-03,SPY,583.4857788085938
2025-01-03,EWJ,64.33264923095703
2025-01-03,EWY,51.679264068603516
2025-01-03,EZU,45.505950927734375
2025-01-03,TSM,205.25814819335938
2025-01-06,SPY,586.8469848632812
2025-01-06,EWJ,64.47608184814453
2025-01-06,EWY,53.20499801635742
2025-01-06,EZU,46.57302474975586
2025-01-06,TSM,216.47496032714844
2025-01-07,SPY,580.2132568359375
2025-01-07,EWJ,64.32308197021484
2025-01-07,EWY,52.53993606567383
2025-01-07,EZU,46.582725524902344
2025-01-07,TSM,208.02296447753906
2025-01-08,SPY,581.0609741210938
2025-01-08,EWJ,64.16053771972656
2025-01-08,EWY,53.12675094604492
2025-01-08,EZU,46.38871383666992
2025-01-08,TSM,203.79208374023438
2025-01-10,SPY,572.1896362304688
2025-01-10,EWJ,62.382015228271484
2025-01-10,EWY,52.34432601928711
2025-01-10,EZU,46.049190521240234
2025-01-10,TSM,205.02198791503906
2025-01-13,SPY,573.0768432617188
2025-01-13,EWJ,62.55413055419922
2025-01-13,EWY,52.31498718261719
2025-01-13,EZU,45.83577346801758
2025-01-13,TSM,198.12461853027344
2025-01-14,SPY,573.8652954101562
2025-01-14,EWJ,62.42982482910156
2025-01-14,EWY,52.81378173828125
2025-01-14,EZU,46.27230453491211
2025-01-14,TSM,198.21319580078125
2025-01-15,SPY,584.3040161132812
2025-01-15,EWJ,63.36689376831055
2025-01-15,EWY,53.586429595947266
2025-01-15,EZU,46.708839416503906
2025-01-15,TSM,203.47723388671875
2025-01-16,SPY,583.1802368164062
2025-01-16,EWJ,62.965293884277344
2025-01-16,EWY,53.341922760009766
2025-01-16,EZU,47.242374420166016
2025-01-16,TSM,211.33883666992188
2025-01-17,SPY,589.0353393554688
2025-01-17,EWJ,63.28084182739258
2025-01-17,EWY,53.625553131103516
2025-01-17,EZU,47.5818977355957
2025-01-17,TSM,208.10169982910156
2025-01-21,SPY,594.4270629882812
2025-01-21,EWJ,64.38046264648438
2025-01-21,EWY,54.456878662109375
2025-01-21,EZU,48.55196762084961
2025-01-21,TSM,215.18601989746094
2025-01-22,SPY,597.7686157226562
2025-01-22,EWJ,64.30397033691406
2025-01-22,EWY,54.87743377685547
2025-01-22,EZU,48.53256607055664
2025-01-22,TSM,219.61370849609375
2025-01-23,SPY,601.03125
2025-01-23,EWJ,64.84899139404297
2025-01-23,EWY,54.44709396362305
2025-01-23,EZU,48.978797912597656
2025-01-23,TSM,221.01089477539062
2025-01-24,SPY,599.2766723632812
2025-01-24,EWJ,65.48008728027344
2025-01-24,EWY,54.67204666137695
2025-01-24,EZU,49.15340805053711
2025-01-24,TSM,218.31491088867188
2025-01-27,SPY,590.7997436523438
2025-01-27,EWJ,64.77249908447266
2025-01-27,EWY,53.35169982910156
2025-01-27,EZU,49.14371109008789
2025-01-27,TSM,189.22003173828125
2025-01-28,SPY,595.8760986328125
2025-01-28,EWJ,65.3175277709961
2025-01-28,EWY,53.10719299316406
2025-01-28,EZU,48.89149475097656
2025-01-28,TSM,199.14788818359375
2025-01-29,SPY,593.204833984375
2025-01-29,EWJ,65.1167221069336
2025-01-29,EWY,53.22455596923828
2025-01-29,EZU,49.017601013183594
2025-01-29,TSM,199.0790557861328
2025-01-30,SPY,596.388671875
2025-01-30,EWJ,66.09204864501953
2025-01-30,EWY,54.055885314941406
2025-01-30,EZU,49.444435119628906
2025-01-30,TSM,204.80551147460938
2025-01-31,SPY,593.2146606445312
2025-01-31,EWJ,65.3175277709961
2025-01-31,EWY,52.78444290161133
2025-01-31,EZU,49.05640411376953
2025-01-31,TSM,205.9567108154297
2025-02-03,SPY,589.2225952148438
2025-02-03,EWJ,64.69600677490234
2025-02-03,EWY,52.207401275634766
2025-02-03,EZU,48.23184585571289
2025-02-03,TSM,196.58970642089844
2025-02-04,SPY,593.17529296875
2025-02-04,EWJ,65.27928161621094
2025-02-04,EWY,53.15609359741211
2025-02-04,EZU,48.939998626708984
2025-02-04,TSM,200.7714080810547
2025-02-05,SPY,595.580322265625
2025-02-05,EWJ,66.09204864501953
2025-02-05,EWY,53.75269317626953
2025-02-05,EZU,49.298919677734375
2025-02-05,TSM,205.21878051757812
2025-02-06,SPY,597.650390625
2025-02-06,EWJ,66.35977935791016
2025-02-06,EWY,54.00698471069336
2025-02-06,EZU,49.72574996948242
2025-02-06,TSM,207.1177520751953
2025-02-07,SPY,592.1796875
2025-02-07,EWJ,65.48008728027344
2025-02-07,EWY,52.950706481933594
2025-02-07,EZU,49.172813415527344
2025-02-07,TSM,202.8081512451172
2025-02-10,SPY,596.2012939453125
2025-02-10,EWJ,65.7382583618164
2025-02-10,EWY,53.92873764038086
2025-02-10,EZU,49.531742095947266
2025-02-10,TSM,204.60873413085938
2025-02-11,SPY,596.65478515625
2025-02-11,EWJ,65.72869110107422
2025-02-11,EWY,53.86027908325195
2025-02-11,EZU,50.10408020019531
2025-02-11,TSM,205.38604736328125
2025-02-12,SPY,594.732666015625
2025-02-12,EWJ,65.04022979736328
2025-02-12,EWY,53.948299407958984
2025-02-12,EZU,50.68612289428711
2025-02-12,TSM,203.06398010253906
2025-02-13,SPY,601.011474609375
2025-02-13,EWJ,66.22592163085938
2025-02-13,EWY,55.112159729003906
2025-02-13,EZU,51.23905944824219
2025-02-13,TSM,198.58706665039062
2025-02-14,SPY,600.9820556640625
2025-02-14,EWJ,66.33110046386719
2025-02-14,EWY,55.43490982055664
2025-02-14,EZU,51.5397834777832
2025-02-14,TSM,200.62380981445312
2025-02-18,SPY,602.746337890625
2025-02-18,EWJ,67.02911376953125
2025-02-18,EWY,56.17821502685547
2025-02-18,EZU,51.821102142333984
2025-02-18,TSM,199.48243713378906
2025-02-19,SPY,604.1658325195312
2025-02-19,EWJ,66.57014465332031
2025-02-19,EWY,56.99976348876953
2025-02-19,EZU,50.996543884277344
2025-02-19,TSM,197.72120666503906
2025-02-20,SPY,601.6522827148438
2025-02-20,EWJ,66.65619659423828
2025-02-20,EWY,57.17580795288086
2025-02-20,EZU,51.35546875
2025-02-20,TSM,196.88487243652344
2025-02-21,SPY,591.361572265625
2025-02-21,EWJ,66.0633544921875
2025-02-21,EWY,56.324920654296875
2025-02-21,EZU,51.0256462097168
2025-02-21,TSM,195.05474853515625
2025-02-24,SPY,588.670654296875
2025-02-24,EWJ,65.76693725585938
2025-02-24,EWY,56.207557678222656
2025-02-24,EZU,51.01594543457031
2025-02-24,TSM,188.57064819335938
2025-02-25,SPY,585.7430419921875
2025-02-25,EWJ,66.42671203613281
2025-02-25,EWY,56.285797119140625
2025-02-25,EZU,51.6270866394043
2025-02-25,TSM,186.32728576660156
2025-02-26,SPY,586.0387573242188
2025-02-26,EWJ,66.4649658203125
2025-02-26,EWY,56.54008865356445
2025-02-26,EZU,51.69499588012695
2025-02-26,TSM,191.492919921875
2025-02-27,SPY,576.6843872070312
2025-02-27,EWJ,65.97730255126953
2025-02-27,EWY,54.720947265625
2025-02-27,EZU,50.763729095458984
2025-02-27,TSM,178.18032836914062
2025-02-28,SPY,585.6838989257812
2025-02-28,EWJ,65.47052001953125
2025-02-28,EWY,53.46906280517578
2025-02-28,EZU,50.821929931640625
2025-02-28,TSM,177.62933349609375
2025-03-03,SPY,575.4227905273438
2025-03-03,EWJ,66.1781005859375
2025-03-03,EWY,53.12675094604492
2025-03-03,EZU,51.91810989379883
2025-03-03,TSM,170.19078063964844
2025-03-04,SPY,568.611572265625
2025-03-04,EWJ,65.6330795288086
2025-03-04,EWY,53.37126159667969
2025-03-04,EZU,52.024818420410156
2025-03-04,TSM,177.10784912109375
2025-03-05,SPY,574.722900390625
2025-03-05,EWJ,67.0769271850586
2025-03-05,EWY,54.818748474121094
2025-03-05,EZU,53.79034423828125
2025-03-05,TSM,181.31906127929688
2025-03-06,SPY,564.5209350585938
2025-03-06,EWJ,66.56057739257812
2025-03-06,EWY,53.733131408691406
2025-03-06,EZU,53.37321090698242
2025-03-06,TSM,173.02452087402344
2025-03-07,SPY,567.6849365234375
2025-03-07,EWJ,67.0960464477539
2025-03-07,EWY,54.456878662109375
2025-03-07,EZU,54.013458251953125
2025-03-07,TSM,174.2544403076172
2025-03-10,SPY,552.5643920898438
2025-03-10,EWJ,65.67131805419922
2025-03-10,EWY,52.90180587768555
2025-03-10,EZU,52.626258850097656
2025-03-10,TSM,167.90805053710938
2025-03-11,SPY,547.970947265625
2025-03-11,EWJ,65.26972198486328
2025-03-11,EWY,53.488624572753906
2025-03-11,EZU,52.7232666015625
2025-03-11,TSM,168.22293090820312
2025-03-12,SPY,550.8787841796875
2025-03-12,EWJ,66.47451782226562
2025-03-12,EWY,54.720947265625
2025-03-12,EZU,52.800872802734375
2025-03-12,TSM,174.3232879638672
2025-03-13,SPY,543.5352783203125
2025-03-13,EWJ,66.22592163085938
2025-03-13,EWY,54.00698471069336
2025-03-13,EZU,52.22853088378906
2025-03-13,TSM,168.83294677734375
2025-03-14,SPY,554.7625122070312
2025-03-14,EWJ,67.2681655883789
2025-03-14,EWY,54.90677261352539
2025-03-14,EZU,53.489620208740234
2025-03-14,TSM,171.29278564453125
2025-03-17,SPY,559.0404663085938
2025-03-17,EWJ,67.97573852539062
2025-03-17,EWY,56.5889892578125
2025-03-17,EZU,54.05226135253906
2025-03-17,TSM,173.40823364257812
2025-03-18,SPY,552.998046875
2025-03-18,EWJ,67.78450775146484
2025-03-18,EWY,55.71854019165039
2025-03-18,EZU,54.37238311767578
2025-03-18,TSM,171.01193237304688
2025-03-19,SPY,559.020751953125
2025-03-19,EWJ,68.55902099609375
2025-03-19,EWY,55.98261260986328
2025-03-19,EZU,54.3626823425293
2025-03-19,TSM,171.63421630859375
2025-03-20,SPY,557.4041137695312
2025-03-20,EWJ,68.19567108154297
2025-03-20,EWY,55.48381042480469
2025-03-20,EZU,53.499324798583984
2025-03-20,TSM,175.29884338378906
2025-03-21,SPY,557.5880737304688
2025-03-21,EWJ,68.20523071289062
2025-03-21,EWY,55.610958099365234
2025-03-21,EZU,53.11129379272461
2025-03-21,TSM,174.56788635253906
2025-03-24,SPY,567.5736083984375
2025-03-24,EWJ,68.05223846435547
2025-03-24,EWY,56.05107116699219
2025-03-24,EZU,53.033687591552734
2025-03-24,TSM,178.94369506835938
2025-03-25,SPY,568.93798828125
2025-03-25,EWJ,68.5398941040039
2025-03-25,EWY,55.81634521484375
2025-03-25,EZU,53.46051788330078
2025-03-25,TSM,178.68687438964844
2025-03-26,SPY,562.1458129882812
2025-03-26,EWJ,67.65064239501953
2025-03-26,EWY,55.56205749511719
2025-03-26,EZU,52.48074722290039
2025-03-26,TSM,171.37741088867188
2025-03-27,SPY,560.6529541015625
2025-03-27,EWJ,67.55502319335938
2025-03-27,EWY,55.24908447265625
2025-03-27,EZU,52.5777587890625
2025-03-27,TSM,166.1817626953125
2025-03-28,SPY,549.3623657226562
2025-03-28,EWJ,66.18766784667969
2025-03-28,EWY,53.586429595947266
2025-03-28,EZU,52.28673553466797
2025-03-28,TSM,163.2283172607422
2025-03-31,SPY,553.0501098632812
2025-03-31,EWJ,65.55657958984375
2025-03-31,EWY,52.8529052734375
2025-03-31,EZU,51.65618896484375
2025-03-31,TSM,163.9691619873047
2025-04-01,SPY,554.6121826171875
2025-04-01,EWJ,65.21234893798828
2025-04-01,EWY,53.64510726928711
2025-04-01,EZU,51.947208404541016
2025-04-01,TSM,166.5768585205078
2025-04-02,SPY,558.1220092773438
2025-04-02,EWJ,65.23147583007812
2025-04-02,EWY,53.4299430847168
2025-04-02,EZU,52.16062545776367
2025-04-02,TSM,168.30545043945312
2025-04-03,SPY,530.6172485351562
2025-04-03,EWJ,62.54457473754883
2025-04-03,EWY,51.97267150878906
2025-04-03,EZU,51.24876403808594
2025-04-03,TSM,155.45462036132812
2025-04-04,SPY,499.5533447265625
2025-04-04,EWJ,58.81541442871094
2025-04-04,EWY,50.12419128417969
2025-04-04,EZU,48.066932678222656
2025-04-04,TSM,145.0040740966797
2025-04-07,SPY,498.6635437011719
2025-04-07,EWJ,58.63374328613281
2025-04-07,EWY,49.66451644897461
2025-04-07,EZU,46.640933990478516
2025-04-07,TSM,144.3817596435547
2025-04-08,SPY,490.8531188964844
2025-04-08,EWJ,58.94928741455078
2025-04-08,EWY,47.84537124633789
2025-04-08,EZU,46.204402923583984
2025-04-08,TSM,139.64048767089844
2025-04-09,SPY,542.4021606445312
2025-04-09,EWJ,63.4338264465332
2025-04-09,EWY,52.109596252441406
2025-04-09,EZU,50.30779266357422
2025-04-09,TSM,156.80784606933594
2025-04-10,SPY,518.6346435546875
2025-04-10,EWJ,61.40670394897461
2025-04-10,EWY,50.681671142578125
2025-04-10,EZU,49.434730529785156
2025-04-10,TSM,149.28109741210938
2025-04-11,SPY,527.888427734375
2025-04-11,EWJ,62.936607360839844
2025-04-11,EWY,53.116973876953125
2025-04-11,EZU,50.59881591796875
2025-04-11,TSM,155.15829467773438
2025-04-14,SPY,533.0098266601562
2025-04-14,EWJ,63.96929931640625
2025-04-14,EWY,53.15609359741211
2025-04-14,EZU,50.95773696899414
2025-04-14,TSM,153.9334716796875
2025-04-15,SPY,531.5169067382812
2025-04-15,EWJ,64.48564147949219
2025-04-15,EWY,53.1854362487793
2025-04-15,EZU,51.49127960205078
2025-04-15,TSM,155.4052276611328
2025-04-16,SPY,519.7023315429688
2025-04-16,EWJ,63.854549407958984
2025-04-16,EWY,52.872467041015625
2025-04-16,EZU,51.413673400878906
2025-04-16,TSM,149.81448364257812
2025-04-17,SPY,520.44384765625
2025-04-17,EWJ,65.08804321289062
2025-04-17,EWY,53.116973876953125
2025-04-17,EZU,51.753196716308594
2025-04-17,TSM,149.88360595703125
2025-04-21,SPY,508.05584716796875
2025-04-21,EWJ,64.94461059570312
2025-04-21,EWY,53.195213317871094
2025-04-21,EZU,51.31666564941406
2025-04-21,TSM,146.0511016845703
2025-04-22,SPY,521.2744140625
2025-04-22,EWJ,66.23546600341797
2025-04-22,EWY,53.60599136352539
2025-04-22,EZU,52.52925109863281
2025-04-22,TSM,149.54776000976562
2025-04-23,SPY,529.3516845703125
2025-04-23,EWJ,66.436279296875
2025-04-23,EWY,54.37863540649414
2025-04-23,EZU,52.89787673950195
2025-04-23,TSM,155.87936401367188
2025-04-24,SPY,540.4940185546875
2025-04-24,EWJ,67.20123291015625
2025-04-24,EWY,54.720947265625
2025-04-24,EZU,53.6351318359375
2025-04-24,TSM,162.17141723632812
2025-04-25,SPY,544.3992919921875
2025-04-25,EWJ,67.66976165771484
2025-04-25,EWY,54.584022521972656
2025-04-25,EZU,53.97465515136719
2025-04-25,TSM,163.08016967773438
2025-04-28,SPY,544.6068725585938
2025-04-28,EWJ,68.5972671508789
2025-04-28,EWY,54.42753982543945
2025-04-28,EZU,54.149269104003906
2025-04-28,TSM,161.40097045898438
2025-04-29,SPY,548.0374755859375
2025-04-29,EWJ,68.86499786376953
2025-04-29,EWY,54.86764907836914
2025-04-29,EZU,54.22687530517578
2025-04-29,TSM,162.46775817871094
2025-04-30,SPY,548.2550659179688
2025-04-30,EWJ,68.30084991455078
2025-04-30,EWY,54.95567321777344
2025-04-30,EZU,54.05226135253906
2025-04-30,TSM,164.6507110595703
2025-05-01,SPY,552.1405029296875
2025-05-01,EWJ,68.05223846435547
2025-05-01,EWY,54.37863540649414
2025-05-01,EZU,54.081363677978516
2025-05-01,TSM,170.60693359375
2025-05-02,SPY,560.3365478515625
2025-05-02,EWJ,68.7406997680664
2025-05-02,EWY,56.442283630371094
2025-05-02,EZU,55.090232849121094
2025-05-02,TSM,177.08670043945312
2025-05-05,SPY,557.1234130859375
2025-05-05,EWJ,69.21879577636719
2025-05-05,EWY,57.09756851196289
2025-05-05,EZU,55.2745475769043
2025-05-05,TSM,174.24192810058594
2025-05-06,SPY,552.4667358398438
2025-05-06,EWJ,69.25704193115234
2025-05-06,EWY,57.21493148803711
2025-05-06,EZU,55.17753982543945
2025-05-06,TSM,170.1723175048828
2025-05-07,SPY,554.7901611328125
2025-05-07,EWJ,68.8267593383789
2025-05-07,EWY,56.52052688598633
2025-05-07,EZU,54.993228912353516
2025-05-07,TSM,172.40467834472656
2025-05-08,SPY,558.6558837890625
2025-05-08,EWJ,68.6833267211914
2025-05-08,EWY,55.94348907470703
2025-05-08,EZU,54.97382736206055
2025-05-08,TSM,173.0763702392578
2025-05-09,SPY,557.9439697265625
2025-05-09,EWJ,68.8554458618164
2025-05-09,EWY,56.42272186279297
2025-05-09,EZU,55.42975616455078
2025-05-09,TSM,174.3604736328125
2025-05-12,SPY,576.3826293945312
2025-05-12,EWJ,69.61083984375
2025-05-12,EWY,56.765037536621094
2025-05-12,EZU,55.49766540527344
2025-05-12,TSM,184.69248962402344
2025-05-13,SPY,580.1890258789062
2025-05-13,EWJ,69.08493041992188
2025-05-13,EWY,56.84327697753906
2025-05-13,EZU,55.88569259643555
2025-05-13,TSM,191.61672973632812
2025-05-14,SPY,580.9304809570312
2025-05-14,EWJ,68.31997680664062
2025-05-14,EWY,57.322513580322266
2025-05-14,EZU,55.75958251953125
2025-05-14,TSM,192.37730407714844
2025-05-15,SPY,583.7680053710938
2025-05-15,EWJ,69.13273620605469
2025-05-15,EWY,57.508338928222656
2025-05-15,EZU,56.1864128112793
2025-05-15,TSM,191.8439178466797
2025-05-16,SPY,587.4655151367188
2025-05-16,EWJ,69.31441497802734
2025-05-16,EWY,57.49856185913086
2025-05-16,EZU,56.3319206237793
2025-05-16,TSM,191.8439178466797
2025-05-19,SPY,588.108154296875
2025-05-19,EWJ,69.39090728759766
2025-05-19,EWY,57.52790069580078
2025-05-19,EZU,57.01097106933594
2025-05-19,TSM,191.1327362060547
2025-05-20,SPY,586.130859375
2025-05-20,EWJ,69.7925033569336
2025-05-20,EWY,57.117130279541016
2025-05-20,EZU,57.45720291137695
2025-05-20,TSM,191.08334350585938
2025-05-21,SPY,576.2540893554688
2025-05-21,EWJ,69.14229583740234
2025-05-21,EWY,57.80175018310547
2025-05-21,EZU,57.1370849609375
2025-05-21,TSM,189.4140167236328
2025-05-22,SPY,576.4814453125
2025-05-22,EWJ,69.19966888427734
2025-05-22,EWY,57.009544372558594
2025-05-22,EZU,57.12738037109375
2025-05-22,TSM,193.78981018066406
2025-05-23,SPY,572.5465698242188
2025-05-23,EWJ,69.83075714111328
2025-05-23,EWY,57.664825439453125
2025-05-23,EZU,56.671443939208984
2025-05-23,TSM,189.6313018798828
2025-05-27,SPY,584.4501342773438
2025-05-27,EWJ,71.6666488647461
2025-05-27,EWY,58.662418365478516
2025-05-27,EZU,57.58331298828125
2025-05-27,TSM,195.26158142089844
2025-05-28,SPY,581.0689086914062
2025-05-28,EWJ,70.38534545898438
2025-05-28,EWY,59.415504455566406
2025-05-28,EZU,57.01097106933594
2025-05-28,TSM,193.7404327392578
2025-05-29,SPY,583.3626098632812
2025-05-29,EWJ,70.78694915771484
2025-05-29,EWY,60.442440032958984
2025-05-29,EZU,57.292293548583984
2025-05-29,TSM,194.73806762695312
2025-05-30,SPY,582.7100830078125
2025-05-30,EWJ,70.87301635742188
2025-05-30,EWY,59.29814147949219
2025-05-30,EZU,57.22439193725586
2025-05-30,TSM,190.95494079589844
2025-06-02,SPY,585.992431640625
2025-06-02,EWJ,71.7527084350586
2025-06-02,EWY,60.383758544921875
2025-06-02,EZU,57.80643081665039
2025-06-02,TSM,192.45632934570312
2025-06-03,SPY,589.3341064453125
2025-06-03,EWJ,70.882568359375
2025-06-03,EWY,60.530460357666016
2025-06-03,EZU,57.379600524902344
2025-06-03,TSM,195.1924591064453
2025-06-04,SPY,589.1759643554688
2025-06-04,EWJ,70.83476257324219
2025-06-04,EWY,62.57455062866211
2025-06-04,EZU,57.69972229003906
2025-06-04,TSM,199.923828125
2025-06-05,SPY,586.3285522460938
2025-06-05,EWJ,70.17498779296875
2025-06-05,EWY,63.92423629760742
2025-06-05,EZU,57.796730041503906
2025-06-05,TSM,200.85235595703125
2025-06-06,SPY,592.3495483398438
2025-06-06,EWJ,70.58615112304688
2025-06-06,EWY,64.12962341308594
2025-06-06,EZU,57.93254089355469
2025-06-06,TSM,202.66983032226562
2025-06-09,SPY,592.8834228515625
2025-06-09,EWJ,70.69133758544922
2025-06-09,EWY,65.01963806152344
2025-06-09,EZU,57.903438568115234
2025-06-09,TSM,204.46755981445312
2025-06-10,SPY,596.2449340820312
2025-06-10,EWJ,70.64351654052734
2025-06-10,EWY,64.7066650390625
2025-06-10,EZU,57.91313552856445
2025-06-10,TSM,209.86077880859375
2025-06-11,SPY,594.54443359375
2025-06-11,EWJ,70.44271850585938
2025-06-11,EWY,65.5184326171875
2025-06-11,EZU,57.83552932739258
2025-06-11,TSM,211.480712890625
2025-06-12,SPY,596.9072875976562
2025-06-12,EWJ,70.95906829833984
2025-06-12,EWY,66.20305633544922
2025-06-12,EZU,58.21385955810547
2025-06-12,TSM,213.57249450683594
2025-06-13,SPY,590.23388671875
2025-06-13,EWJ,70.37578582763672
2025-06-13,EWY,64.96095275878906
2025-06-13,EZU,57.23408889770508
2025-06-13,TSM,209.27984619140625
2025-06-16,SPY,595.8494262695312
2025-06-16,EWJ,70.51170349121094
2025-06-16,EWY,66.69207000732422
2025-06-16,EZU,57.72736358642578
2025-06-16,TSM,213.82034301757812
2025-06-17,SPY,590.7578735351562
2025-06-17,EWJ,69.67308044433594
2025-06-17,EWY,65.16633605957031
2025-06-17,EZU,56.77647018432617
2025-06-17,TSM,212.05569458007812
2025-06-18,SPY,590.6688842773438
2025-06-18,EWJ,70.41531372070312
2025-06-18,EWY,66.37910461425781
2025-06-18,EZU,56.736846923828125
2025-06-18,TSM,211.65914916992188
2025-06-20,SPY,589.2816162109375
2025-06-20,EWJ,69.17183685302734
2025-06-20,EWY,67.02459716796875
2025-06-20,EZU,56.58827209472656
2025-06-20,TSM,207.70355224609375
2025-06-23,SPY,595.1021728515625
2025-06-23,EWJ,69.42245483398438
2025-06-23,EWY,67.89505004882812
2025-06-23,EZU,57.12314987182617
2025-06-23,TSM,208.50657653808594
2025-06-24,SPY,601.676513671875
2025-06-24,EWJ,70.11648559570312
2025-06-24,EWY,71.0541000366211
2025-06-24,EZU,58.00471115112305
2025-06-24,TSM,218.19232177734375
2025-06-25,SPY,602.0135498046875
2025-06-25,EWJ,69.82731628417969
2025-06-25,EWY,70.7802505493164
2025-06-25,EZU,57.64812469482422
2025-06-25,TSM,220.8195037841797
2025-06-26,SPY,606.7236328125
2025-06-26,EWJ,71.30213165283203
2025-06-26,EWY,70.35969543457031
2025-06-26,EZU,57.984901428222656
2025-06-26,TSM,222.07850646972656
2025-06-27,SPY,609.7380981445312
2025-06-27,EWJ,72.56488037109375
2025-06-27,EWY,69.18605041503906
2025-06-27,EZU,58.7178840637207
2025-06-27,TSM,226.59922790527344
2025-06-30,SPY,612.6533203125
2025-06-30,EWJ,72.26605987548828
2025-06-30,EWY,70.20320892333984
2025-06-30,EZU,58.88627243041992
2025-06-30,TSM,224.5371551513672
2025-07-01,SPY,612.455078125
2025-07-01,EWJ,71.73589324951172
2025-07-01,EWY,70.0662841796875
2025-07-01,EZU,58.757503509521484
2025-07-01,TSM,222.7427520751953
2025-07-02,SPY,615.2315063476562
2025-07-02,EWJ,71.77445220947266
2025-07-02,EWY,70.36946868896484
2025-07-02,EZU,59.11408996582031
2025-07-02,TSM,231.58584594726562
2025-07-03,SPY,620.0803833007812
2025-07-03,EWJ,71.9094009399414
2025-07-03,EWY,71.10299682617188
2025-07-03,EZU,59.04475402832031
2025-07-03,TSM,232.7755126953125
2025-07-07,SPY,615.4595336914062
2025-07-07,EWJ,70.193603515625
2025-07-07,EWY,68.53076934814453
2025-07-07,EZU,58.70798110961914
2025-07-07,TSM,227.1940460205078
2025-07-08,SPY,615.1224365234375
2025-07-08,EWJ,70.55026245117188
2025-07-08,EWY,70.49662017822266
2025-07-08,EZU,59.332008361816406
2025-07-08,TSM,225.8953399658203
2025-07-09,SPY,618.8110961914062
2025-07-09,EWJ,70.65629577636719
2025-07-09,EWY,70.49662017822266
2025-07-09,EZU,60.06498718261719
2025-07-09,TSM,229.8410186767578
2025-07-10,SPY,620.5563354492188
2025-07-10,EWJ,70.30928039550781
2025-07-10,EWY,71.53333282470703
2025-07-10,EZU,59.678688049316406
2025-07-10,TSM,227.77896118164062
2025-07-11,SPY,618.3748168945312
2025-07-11,EWJ,69.75019836425781
2025-07-11,EWY,70.96607208251953
2025-07-11,EZU,59.11408996582031
2025-07-11,TSM,228.41343688964844
2025-07-14,SPY,619.5548095703125
2025-07-14,EWJ,69.79839324951172
2025-07-14,EWY,71.59201049804688
2025-07-14,EZU,59.04475402832031
2025-07-14,TSM,226.69834899902344
2025-07-15,SPY,616.9072875976562
2025-07-15,EWJ,69.10436248779297
2025-07-15,EWY,71.46487426757812
2025-07-15,EZU,58.361297607421875
2025-07-15,TSM,234.90695190429688
2025-07-16,SPY,618.9697265625
2025-07-16,EWJ,69.42245483398438
2025-07-16,EWY,71.47465515136719
2025-07-16,EZU,58.539588928222656
2025-07-16,TSM,235.51170349121094
2025-07-17,SPY,622.7576293945312
2025-07-17,EWJ,69.77911376953125
2025-07-17,EWY,71.45508575439453
2025-07-17,EZU,58.69807052612305
2025-07-17,TSM,243.48239135742188
2025-07-18,SPY,622.301513671875
2025-07-18,EWJ,69.22003173828125
2025-07-18,EWY,70.79981231689453
2025-07-18,EZU,58.539588928222656
2025-07-18,TSM,238.3272247314453
2025-07-21,SPY,623.4815063476562
2025-07-21,EWJ,69.99118041992188
2025-07-21,EWY,72.24729919433594
2025-07-21,EZU,58.757503509521484
2025-07-21,TSM,236.79058837890625
2025-07-22,SPY,623.5706787109375
2025-07-22,EWJ,70.34783935546875
2025-07-22,EWY,71.28882598876953
2025-07-22,EZU,58.95560836791992
2025-07-22,TSM,232.57723999023438
2025-07-23,SPY,628.8757934570312
2025-07-23,EWJ,73.73123931884766
2025-07-23,EWY,72.22773742675781
2025-07-23,EZU,60.263092041015625
2025-07-23,TSM,238.25782775878906
2025-07-24,SPY,629.083984375
2025-07-24,EWJ,73.78907775878906
2025-07-24,EWY,71.69960021972656
2025-07-24,EZU,59.52020263671875
2025-07-24,TSM,239.51687622070312
2025-07-25,SPY,631.741455078125
2025-07-25,EWJ,72.95045471191406
2025-07-25,EWY,71.60179901123047
2025-07-25,EZU,59.71830749511719
2025-07-25,TSM,243.48239135742188
2025-07-28,SPY,631.582763671875
2025-07-28,EWJ,71.59130096435547
2025-07-28,EWY,71.11277770996094
2025-07-28,EZU,58.549495697021484
2025-07-28,TSM,240.65696716308594
2025-07-29,SPY,629.9169311523438
2025-07-29,EWJ,71.21537017822266
2025-07-29,EWY,71.87564086914062
2025-07-29,EZU,58.757503509521484
2025-07-29,TSM,239.24917602539062
2025-07-30,SPY,629.1236572265625
2025-07-30,EWJ,71.311767578125
2025-07-30,EWY,72.06147003173828
2025-07-30,EZU,58.252342224121094
2025-07-30,TSM,240.81558227539062
2025-07-31,SPY,626.763671875
2025-07-31,EWJ,70.96475219726562
2025-07-31,EWY,71.21057891845703
2025-07-31,EZU,57.51935577392578
2025-07-31,TSM,239.53668212890625
2025-08-01,SPY,616.4907836914062
2025-08-01,EWJ,71.39852142333984
2025-08-01,EWY,69.09803009033203
2025-08-01,EZU,56.95476150512695
2025-08-01,TSM,233.1819610595703
2025-08-04,SPY,625.8612670898438
2025-08-04,EWJ,72.57452392578125
2025-08-04,EWY,70.74112701416016
2025-08-04,EZU,57.667938232421875
2025-08-04,TSM,236.9392852783203
2025-08-05,SPY,622.6881713867188
2025-08-05,EWJ,72.32389831542969
2025-08-05,EWY,71.28882598876953
2025-08-05,EZU,57.74717712402344
2025-08-05,TSM,230.46560668945312
2025-08-06,SPY,627.4578247070312
2025-08-06,EWJ,73.28782653808594
2025-08-06,EWY,71.57245635986328
2025-08-06,EZU,58.252342224121094
2025-08-06,TSM,229.3750762939453
2025-08-07,SPY,626.9322509765625
2025-08-07,EWJ,73.85655212402344
2025-08-07,EWY,71.82674407958984
2025-08-07,EZU,58.965511322021484
2025-08-07,TSM,240.52806091308594
2025-08-08,SPY,631.82080078125
2025-08-08,EWJ,75.11930084228516
2025-08-08,EWY,71.88542938232422
2025-08-08,EZU,59.20323944091797
2025-08-08,TSM,239.74488830566406
2025-08-11,SPY,630.5712890625
2025-08-11,EWJ,74.9843521118164
2025-08-11,EWY,71.42575073242188
2025-08-11,EZU,58.7872200012207
2025-08-11,TSM,240.00262451171875
2025-08-12,SPY,637.284423828125
2025-08-12,EWJ,76.37242126464844
2025-08-12,EWY,72.47224426269531
2025-08-12,EZU,59.37162399291992
2025-08-12,TSM,242.1836700439453
2025-08-13,SPY,639.4659423828125
2025-08-13,EWJ,76.41097259521484
2025-08-13,EWY,73.07862854003906
2025-08-13,EZU,59.86688232421875
2025-08-13,TSM,239.35824584960938
2025-08-14,SPY,639.5254516601562
2025-08-14,EWJ,75.95792388916016
2025-08-14,EWY,72.04191589355469
2025-08-14,EZU,60.15413284301758
2025-08-14,TSM,238.9220428466797
2025-08-15,SPY,638.0281372070312
2025-08-15,EWJ,77.25923919677734
2025-08-15,EWY,71.77783966064453
2025-08-15,EZU,60.46119689941406
2025-08-15,TSM,236.82032775878906
2025-08-18,SPY,637.8892822265625
2025-08-18,EWJ,77.40382385253906
2025-08-18,EWY,71.2008056640625
2025-08-18,EZU,60.144229888916016
2025-08-18,TSM,239.32850646972656
2025-08-19,SPY,634.4286499023438
2025-08-19,EWJ,77.13391876220703
2025-08-19,EWY,69.87068176269531
2025-08-19,EZU,60.263092041015625
2025-08-19,TSM,230.69358825683594
2025-08-20,SPY,632.7429809570312
2025-08-20,EWJ,76.76762390136719
2025-08-20,EWY,69.79243469238281
2025-08-20,EZU,60.421573638916016
2025-08-20,TSM,226.62896728515625
2025-08-21,SPY,630.2044677734375
2025-08-21,EWJ,75.86152648925781
2025-08-21,EWY,69.65550994873047
2025-08-21,EZU,59.985748291015625
2025-08-21,TSM,225.3699188232422
2025-08-22,SPY,639.88232421875
2025-08-22,EWJ,77.13391876220703
2025-08-22,EWY,71.89521026611328
2025-08-22,EZU,60.916831970214844
2025-08-22,TSM,230.98110961914062
2025-08-25,SPY,637.0662231445312
2025-08-25,EWJ,76.19891357421875
2025-08-25,EWY,71.1323471069336
2025-08-25,EZU,59.87678909301758
2025-08-25,TSM,233.5586700439453
2025-08-26,SPY,639.733642578125
2025-08-26,EWJ,76.07359313964844
2025-08-26,EWY,70.79981231689453
2025-08-26,EZU,59.63906478881836
2025-08-26,TSM,236.6616973876953
2025-08-27,SPY,641.1912841796875
2025-08-27,EWJ,75.79405212402344
2025-08-27,EWY,70.8780517578125
2025-08-27,EZU,59.39143371582031
2025-08-27,TSM,237.22677612304688
2025-08-28,SPY,643.4620361328125
2025-08-28,EWJ,76.43025207519531
2025-08-28,EWY,72.02234649658203
2025-08-28,EZU,59.609352111816406
2025-08-28,TSM,236.215576171875
2025-08-29,SPY,639.6245727539062
2025-08-29,EWJ,75.45668029785156
2025-08-29,EWY,70.6530990600586
2025-08-29,EZU,59.24285888671875
2025-08-29,TSM,228.87936401367188
2025-09-02,SPY,634.884765625
2025-09-02,EWJ,75.33136749267578
2025-09-02,EWY,70.34013366699219
2025-09-02,EZU,58.480159759521484
2025-09-02,TSM,226.42076110839844
2025-09-03,SPY,638.3255615234375
2025-09-03,EWJ,75.11930084228516
2025-09-03,EWY,71.30838775634766
2025-09-03,EZU,58.58911895751953
2025-09-03,TSM,229.3948974609375
2025-09-04,SPY,643.6603393554688
2025-09-04,EWJ,75.89044952392578
2025-09-04,EWY,71.46487426757812
2025-09-04,EZU,58.91598892211914
2025-09-04,TSM,233.1819610595703
2025-09-05,SPY,641.7960815429688
2025-09-05,EWJ,76.32421875
2025-09-05,EWY,72.01256561279297
2025-09-05,EZU,59.08437728881836
2025-09-05,TSM,241.31126403808594
2025-09-08,SPY,643.372802734375
2025-09-08,EWJ,78.0400161743164
2025-09-08,EWY,72.56027221679688
2025-09-08,EZU,59.63906478881836
2025-09-08,TSM,245.0586700439453
2025-09-09,SPY,644.8601684570312
2025-09-09,EWJ,77.17247772216797
2025-09-09,EWY,73.27423095703125
2025-09-09,EZU,59.63906478881836
2025-09-09,TSM,248.75650024414062
2025-09-10,SPY,646.724365234375
2025-09-10,EWJ,77.46166229248047
2025-09-10,EWY,74.96623229980469
2025-09-10,EZU,59.38153076171875
2025-09-10,TSM,258.1944274902344
2025-09-11,SPY,652.0987548828125
2025-09-11,EWJ,78.38703918457031
2025-09-11,EWY,76.14965057373047
2025-09-11,EZU,60.055084228515625
2025-09-11,TSM,256.6776123046875
2025-09-12,SPY,651.8805541992188
2025-09-12,EWJ,77.84723663330078
2025-09-12,EWY,76.93208312988281
2025-09-12,EZU,60.01546096801758
2025-09-12,TSM,257.093994140625
2025-09-15,SPY,655.3511352539062
2025-09-15,EWJ,78.41595458984375
2025-09-15,EWY,77.450439453125
2025-09-15,EZU,60.589962005615234
2025-09-15,TSM,259.1263122558594
2025-09-16,SPY,654.4488525390625
2025-09-16,EWJ,78.41595458984375
2025-09-16,EWY,78.91748809814453
2025-09-16,EZU,60.43147659301758
2025-09-16,TSM,260.62005615234375
2025-09-17,SPY,653.6357421875
2025-09-17,EWJ,78.24244689941406
2025-09-17,EWY,78.07637786865234
2025-09-17,EZU,60.1145133972168
2025-09-17,TSM,261.3460693359375
2025-09-18,SPY,656.6898193359375
2025-09-18,EWJ,78.5509033203125
2025-09-18,EWY,78.97616577148438
2025-09-18,EZU,60.59986877441406
2025-09-18,TSM,267.1639404296875
2025-09-19,SPY,659.9423217773438
2025-09-19,EWJ,77.87615203857422
2025-09-19,EWY,78.29154205322266
2025-09-19,EZU,60.471099853515625
2025-09-19,TSM,263.41461181640625
2025-09-22,SPY,663.0645751953125
2025-09-22,EWJ,78.3195571899414
2025-09-22,EWY,79.76837158203125
2025-09-22,EZU,60.59986877441406
2025-09-22,TSM,271.1319885253906
2025-09-23,SPY,659.4551391601562
2025-09-23,EWJ,78.16532897949219
2025-09-23,EWY,79.66078186035156
2025-09-23,EZU,60.74844741821289
2025-09-23,TSM,281.1566162109375
2025-09-24,SPY,657.3569946289062
2025-09-24,EWJ,77.9339828491211
2025-09-24,EWY,78.2817611694336
2025-09-24,EZU,60.44138717651367
2025-09-24,TSM,279.1675720214844
2025-09-25,SPY,654.3242797851562
2025-09-25,EWJ,77.55805206298828
2025-09-25,EWY,78.13505554199219
2025-09-25,EZU,59.965938568115234
2025-09-25,TSM,275.13983154296875
2025-09-26,SPY,658.072998046875
2025-09-26,EWJ,77.53878021240234
2025-09-26,EWY,77.13746643066406
2025-09-26,EZU,60.698917388916016
2025-09-26,TSM,271.8579406738281
2025-09-29,SPY,659.9224243164062
2025-09-29,EWJ,77.60625457763672
2025-09-29,EWY,78.47736358642578
2025-09-29,EZU,60.9366455078125
2025-09-29,TSM,271.72869873046875
2025-09-30,SPY,662.4082641601562
2025-09-30,EWJ,77.31707000732422
2025-09-30,EWY,78.34043884277344
2025-09-30,EZU,61.3526611328125
2025-09-30,TSM,277.7554016113281
2025-10-01,SPY,664.6654052734375
2025-10-01,EWJ,77.31707000732422
2025-10-01,EWY,80.09112548828125
2025-10-01,EZU,62.03611755371094
2025-10-01,TSM,286.88494873046875
2025-10-02,SPY,665.4309692382812
2025-10-02,EWJ,77.25923919677734
2025-10-02,EWY,81.69509887695312
2025-10-02,EZU,62.402610778808594
2025-10-02,TSM,286.52691650390625
2025-10-03,SPY,665.421142578125
2025-10-03,EWJ,78.8304443359375
2025-10-03,EWY,82.00806427001953
2025-10-03,EZU,62.511566162109375
2025-10-03,TSM,290.5845031738281
2025-10-06,SPY,667.8074951171875
2025-10-06,EWJ,80.2667007446289
2025-10-06,EWY,82.91764068603516
2025-10-06,EZU,62.145076751708984
2025-10-06,TSM,300.7384033203125
2025-10-07,SPY,665.3316040039062
2025-10-07,EWJ,79.00395202636719
2025-10-07,EWY,81.51905059814453
2025-10-07,EZU,61.53095245361328
2025-10-07,TSM,292.4143981933594
2025-10-08,SPY,669.2990112304688
2025-10-08,EWJ,78.80152893066406
2025-10-08,EWY,82.3405990600586
2025-10-08,EZU,61.927162170410156
2025-10-08,TSM,302.84674072265625
2025-10-09,SPY,667.3600463867188
2025-10-09,EWJ,78.6087417602539
2025-10-09,EWY,81.59729766845703
2025-10-09,EZU,61.332847595214844
2025-10-09,TSM,298.2322692871094
2025-10-10,SPY,649.32275390625
2025-10-10,EWJ,75.53379821777344
2025-10-10,EWY,78.94682312011719
2025-10-10,EZU,60.44138717651367
2025-10-10,TSM,279.11785888671875
2025-10-13,SPY,659.2860107421875
2025-10-13,EWJ,76.43025207519531
2025-10-13,EWY,81.78311920166016
2025-10-13,EZU,60.89702224731445
2025-10-13,TSM,301.2257385253906
2025-10-14,SPY,658.4805908203125
2025-10-14,EWJ,77.15320587158203
2025-10-14,EWY,80.87355041503906
2025-10-14,EZU,61.24370574951172
2025-10-14,TSM,294.31390380859375
2025-10-15,SPY,661.4039306640625
2025-10-15,EWJ,78.35811614990234
2025-10-15,EWY,83.299072265625
2025-10-15,EZU,61.40218734741211
2025-10-15,TSM,303.0357360839844
2025-10-16,SPY,656.8995971679688
2025-10-16,EWJ,78.6087417602539
2025-10-16,EWY,85.94953918457031
2025-10-16,EZU,61.986595153808594
2025-10-16,TSM,298.1924743652344
2025-10-17,SPY,660.62841796875
2025-10-17,EWJ,79.04251098632812
2025-10-17,EWY,86.57547760009766
2025-10-17,EZU,61.96678161621094
2025-10-17,TSM,293.4586181640625
2025-10-20,SPY,667.499267578125
2025-10-20,EWJ,80.52696990966797
2025-10-20,EWY,88.44352722167969
2025-10-20,EZU,62.283748626708984
2025-10-20,TSM,296.0642395019531
2025-10-21,SPY,667.4893188476562
2025-10-21,EWJ,79.59194946289062
2025-10-21,EWY,86.6928482055664
2025-10-21,EZU,61.82810592651367
2025-10-21,TSM,292.89178466796875
2025-10-22,SPY,664.0191040039062
2025-10-22,EWJ,79.21601867675781
2025-10-22,EWY,87.48504638671875
2025-10-22,EZU,61.63991165161133
2025-10-22,TSM,287.2926940917969
2025-10-23,SPY,667.9566650390625
2025-10-23,EWJ,79.25457763671875
2025-10-23,EWY,88.0914306640625
2025-10-23,EZU,62.08564376831055
2025-10-23,TSM,289.1325378417969
2025-10-24,SPY,673.4155883789062
2025-10-24,EWJ,79.52447509765625
2025-10-24,EWY,90.02793884277344
2025-10-24,EZU,62.055931091308594
2025-10-24,TSM,293.33929443359375
2025-10-27,SPY,681.3603515625
2025-10-27,EWJ,80.51732635498047
2025-10-27,EWY,92.23828887939453
2025-10-27,EZU,62.53137969970703
2025-10-27,TSM,296.6112365722656
2025-10-28,SPY,683.1700439453125
2025-10-28,EWJ,80.90290069580078
2025-10-28,EWY,92.37521362304688
2025-10-28,EZU,62.442230224609375
2025-10-28,TSM,299.8731994628906
2025-10-29,SPY,683.4982299804688
2025-10-29,EWJ,80.2281494140625
2025-10-29,EWY,94.77140045166016
2025-10-29,EZU,62.234222412109375
2025-10-29,TSM,303.41363525390625
2025-10-30,SPY,675.9810180664062
2025-10-30,EWJ,80.20886993408203
2025-10-30,EWY,93.16742706298828
2025-10-30,EZU,61.82810592651367
2025-10-30,TSM,301.55389404296875
2025-10-31,SPY,678.1983032226562
2025-10-31,EWJ,80.4402084350586
2025-10-31,EWY,94.86920166015625
2025-10-31,EZU,61.58047866821289
2025-10-31,TSM,298.77923583984375
2025-11-03,SPY,679.4711303710938
2025-11-03,EWJ,80.62335968017578
2025-11-03,EWY,98.566162109375
2025-11-03,EZU,61.560672760009766
2025-11-03,TSM,303.18487548828125
2025-11-04,SPY,671.4169921875
2025-11-04,EWJ,79.84257507324219
2025-11-04,EWY,93.65644073486328
2025-11-04,EZU,60.837589263916016
2025-11-04,TSM,292.43426513671875
2025-11-05,SPY,673.7437133789062
2025-11-05,EWJ,79.81365966796875
2025-11-05,EWY,94.49755096435547
2025-11-05,EZU,61.34275817871094
2025-11-05,TSM,292.02655029296875
2025-11-06,SPY,666.514892578125
2025-11-06,EWJ,79.96788787841797
2025-11-06,EWY,91.45587158203125
2025-11-06,EZU,60.96635818481445
2025-11-06,TSM,287.65069580078125
2025-11-07,SPY,667.1710815429688
2025-11-07,EWJ,80.2859878540039
2025-11-07,EWY,89.78343200683594
2025-11-07,EZU,61.18427276611328
2025-11-07,TSM,284.92578125
2025-11-10,SPY,677.5818481445312
2025-11-10,EWJ,80.66191864013672
2025-11-10,EWY,93.56841278076172
2025-11-10,EZU,61.94697189331055
2025-11-10,TSM,293.6475524902344
2025-11-11,SPY,679.1329956054688
2025-11-11,EWJ,80.7293930053711
2025-11-11,EWY,93.19676971435547
2025-11-11,EZU,62.491756439208984
2025-11-11,TSM,289.57012939453125
2025-11-12,SPY,679.5109252929688
2025-11-12,EWJ,81.29811096191406
2025-11-12,EWY,93.81292724609375
2025-11-12,EZU,63.15540313720703
2025-11-12,TSM,289.02313232421875
2025-11-13,SPY,668.235107421875
2025-11-13,EWJ,80.01608276367188
2025-11-13,EWY,92.0035629272461
2025-11-13,EZU,62.73938751220703
2025-11-13,TSM,280.6494445800781
2025-11-14,SPY,668.1256713867188
2025-11-14,EWJ,80.95110321044922
2025-11-14,EWY,92.06224060058594
2025-11-14,EZU,62.194602966308594
2025-11-14,TSM,283.2550048828125
2025-11-17,SPY,661.901123046875
2025-11-17,EWJ,79.49555969238281
2025-11-17,EWY,90.97662353515625
2025-11-17,EZU,61.25360870361328
2025-11-17,TSM,280.46044921875
2025-11-18,SPY,656.3427734375
2025-11-18,EWJ,77.86650848388672
2025-11-18,EWY,89.57804107666016
2025-11-18,EZU,60.490909576416016
2025-11-18,TSM,276.38299560546875
2025-11-19,SPY,658.8783569335938
2025-11-19,EWJ,77.7701187133789
2025-11-19,EWY,88.57066345214844
2025-11-19,EZU,60.37205123901367
2025-11-19,TSM,280.8184814453125
2025-11-20,SPY,648.8355712890625
2025-11-20,EWJ,76.62303924560547
2025-11-20,EWY,86.58525848388672
2025-11-20,EZU,59.51029968261719
2025-11-20,TSM,275.9752197265625
2025-11-21,SPY,655.2987670898438
2025-11-21,EWJ,78.26172637939453
2025-11-21,EWY,87.2601089477539
2025-11-21,EZU,60.20365905761719
2025-11-21,TSM,273.5486145019531
2025-11-24,SPY,664.9437866210938
2025-11-24,EWJ,78.79188537597656
2025-11-24,EWY,88.3163833618164
2025-11-24,EZU,60.124420166015625
2025-11-24,TSM,283.0760192871094
2025-11-25,SPY,671.1982421875
2025-11-25,EWJ,78.96539306640625
2025-11-25,EWY,87.81758117675781
2025-11-25,EZU,61.17436599731445
2025-11-25,TSM,283.11578369140625
2025-11-26,SPY,675.8318481445312
2025-11-26,EWJ,80.25706481933594
2025-11-26,EWY,89.53892517089844
2025-11-26,EZU,61.82810592651367
2025-11-26,TSM,288.36676025390625
2025-11-28,SPY,679.5208129882812
2025-11-28,EWJ,80.01608276367188
2025-11-28,EWY,88.87386322021484
2025-11-28,EZU,62.065834045410156
2025-11-28,TSM,289.90826416015625
2025-12-01,SPY,676.41845703125
2025-12-01,EWJ,79.55339050292969
2025-12-01,EWY,88.62935638427734
2025-12-01,EZU,61.986595153808594
2025-12-01,TSM,286.0992736816406
2025-12-02,SPY,677.67138671875
2025-12-02,EWJ,79.49555969238281
2025-12-02,EWY,90.04750061035156
2025-12-02,EZU,62.353084564208984
2025-12-02,TSM,290.48504638671875
2025-12-03,SPY,680.0180053710938
2025-12-03,EWJ,79.63050842285156
2025-12-03,EWY,90.95706939697266
2025-12-03,EZU,62.77900695800781
2025-12-03,TSM,293.8266296386719
2025-12-04,SPY,680.51513671875
2025-12-04,EWJ,80.60408782958984
2025-12-04,EWY,89.85189819335938
2025-12-04,EZU,62.749290466308594
2025-12-04,TSM,291.3204345703125
2025-12-05,SPY,681.8078002929688
2025-12-05,EWJ,80.68119049072266
2025-12-05,EWY,92.228515625
2025-12-05,EZU,62.73938751220703
2025-12-05,TSM,293.1006164550781
2025-12-08,SPY,679.7594604492188
2025-12-08,EWJ,80.18959045410156
2025-12-08,EWY,92.98159790039062
2025-12-08,EZU,62.77900695800781
2025-12-08,TSM,300.2113037109375
2025-12-09,SPY,679.1727905273438
2025-12-09,EWJ,80.30525970458984
2025-12-09,EWY,93.47061157226562
2025-12-09,EZU,62.610618591308594
2025-12-09,TSM,301.74285888671875
2025-12-10,SPY,683.6771850585938
2025-12-10,EWJ,80.88362884521484
2025-12-10,EWY,94.62469482421875
2025-12-10,EZU,63.2247428894043
2025-12-10,TSM,308.4359130859375
2025-12-11,SPY,685.26806640625
2025-12-11,EWJ,81.18244171142578
2025-12-11,EWY,92.87401580810547
2025-12-11,EZU,63.80914306640625
2025-12-11,TSM,303.993408203125
2025-12-12,SPY,677.9000854492188
2025-12-12,EWJ,80.97037506103516
2025-12-12,EWY,90.63431549072266
2025-12-12,EZU,63.37331771850586
2025-12-12,TSM,291.21942138671875
2025-12-15,SPY,676.8758544921875
2025-12-15,EWJ,81.80899810791016
2025-12-15,EWY,90.69300079345703
2025-12-15,EZU,63.720001220703125
2025-12-15,TSM,286.9314880371094
2025-12-16,SPY,675.0264282226562
2025-12-16,EWJ,80.8499984741211
2025-12-16,EWY,89.5199966430664
2025-12-16,EZU,63.59000015258789
2025-12-16,TSM,286.0639343261719
2025-12-17,SPY,667.5986938476562
2025-12-17,EWJ,79.73999786376953
2025-12-17,EWY,88.58000183105469
2025-12-17,EZU,63.0099983215332
2025-12-17,TSM,276.1817626953125
2025-12-18,SPY,672.6399536132812
2025-12-18,EWJ,79.97000122070312
2025-12-18,EWY,90.06999969482422
2025-12-18,EZU,63.45000076293945
2025-12-18,TSM,283.88006591796875
2025-12-19,SPY,678.7363891601562
2025-12-19,EWJ,80.58000183105469
2025-12-19,EWY,91.33999633789062
2025-12-19,EZU,63.790000915527344
2025-12-19,TSM,288.1380920410156
2025-12-22,SPY,682.96484375
2025-12-22,EWJ,80.45999908447266
2025-12-22,EWY,91.75
2025-12-22,EZU,63.970001220703125
2025-12-22,TSM,292.4559020996094
2025-12-23,SPY,686.0863037109375
2025-12-23,EWJ,81.13999938964844
2025-12-23,EWY,92.69999694824219
2025-12-23,EZU,64.0999984741211
2025-12-23,TSM,296.1156311035156
2025-12-24,SPY,688.4996948242188
2025-12-24,EWJ,81.0
2025-12-24,EWY,94.5999984741211
2025-12-24,EZU,64.19999694824219
2025-12-24,TSM,297.96038818359375
2025-12-26,SPY,688.4298706054688
2025-12-26,EWJ,80.97000122070312
2025-12-26,EWY,95.83999633789062
2025-12-26,EZU,64.33000183105469
2025-12-26,TSM,301.9890441894531
2025-12-29,SPY,685.9765625
2025-12-29,EWJ,81.08999633789062
2025-12-29,EWY,98.72000122070312
2025-12-29,EZU,64.0999984741211
2025-12-29,TSM,300.074462890625
2025-12-30,SPY,685.138916015625
2025-12-30,EWJ,80.9800033569336
2025-12-30,EWY,98.62000274658203
2025-12-30,EZU,64.41999816894531
2025-12-30,TSM,298.7381896972656
2025-12-31,SPY,680.062744140625
2025-12-31,EWJ,80.73999786376953
2025-12-31,EWY,97.22000122070312
2025-12-31,EZU,64.0999984741211
2025-12-31,TSM,303.0361328125
2026-01-02,SPY,681.309326171875
2026-01-02,EWJ,81.33000183105469
2026-01-02,EWY,102.22000122070312
2026-01-02,EZU,65.01000213623047
2026-01-02,TSM,318.7119140625
2026-01-05,SPY,685.846923828125
2026-01-05,EWJ,83.12999725341797
2026-01-05,EWY,104.83000183105469
2026-01-05,EZU,65.55000305175781
2026-01-05,TSM,321.3445129394531
2026-01-06,SPY,689.92578125
2026-01-06,EWJ,83.06999969482422
2026-01-06,EWY,107.61000061035156
2026-01-06,EZU,65.63999938964844
2026-01-06,TSM,326.50994873046875
2026-01-07,SPY,687.701904296875
2026-01-07,EWJ,82.91999816894531
2026-01-07,EWY,107.02999877929688
2026-01-07,EZU,65.47000122070312
2026-01-07,TSM,317.7845458984375
2026-01-08,SPY,687.632080078125
2026-01-08,EWJ,82.86000061035156
2026-01-08,EWY,106.58999633789062
2026-01-08,EZU,65.45999908447266
2026-01-08,TSM,317.1164245605469
2026-01-09,SPY,692.1796264648438
2026-01-09,EWJ,84.61000061035156
2026-01-09,EWY,108.88999938964844
2026-01-09,EZU,65.93000030517578
2026-01-09,TSM,322.72064208984375
2026-01-12,SPY,693.2666625976562
2026-01-12,EWJ,85.29000091552734
2026-01-12,EWY,108.93000030517578
2026-01-12,EZU,66.33999633789062
2026-01-12,TSM,330.8377685546875
2026-01-13,SPY,691.8804931640625
2026-01-13,EWJ,84.44999694824219
2026-01-13,EWY,107.54000091552734
2026-01-13,EZU,66.06999969482422
2026-01-13,TSM,330.2793273925781
2026-01-14,SPY,688.479736328125
2026-01-14,EWJ,85.04000091552734
2026-01-14,EWY,109.63999938964844
2026-01-14,EZU,66.08000183105469
2026-01-14,TSM,326.19085693359375
2026-01-15,SPY,690.3546142578125
2026-01-15,EWJ,85.41999816894531
2026-01-15,EWY,111.05000305175781
2026-01-15,EZU,65.91999816894531
2026-01-15,TSM,340.6800537109375
2026-01-16,SPY,689.7761840820312
2026-01-16,EWJ,85.4800033569336
2026-01-16,EWY,112.22000122070312
2026-01-16,EZU,66.05999755859375
2026-01-16,TSM,341.4378967285156
2026-01-20,SPY,675.7345581054688
2026-01-20,EWJ,83.72000122070312
2026-01-20,EWY,110.97000122070312
2026-01-20,EZU,64.93000030517578
2026-01-20,TSM,326.24072265625
2026-01-21,SPY,683.5332641601562
2026-01-21,EWJ,84.77999877929688
2026-01-21,EWY,115.66000366210938
2026-01-21,EZU,65.66000366210938
2026-01-21,TSM,325.2036437988281
2026-01-22,SPY,687.103515625
2026-01-22,EWJ,84.86000061035156
2026-01-22,EWY,115.98999786376953
2026-01-22,EZU,66.04000091552734
2026-01-22,TSM,326.45013427734375
2026-01-23,SPY,687.352783203125
2026-01-23,EWJ,84.55999755859375
2026-01-23,EWY,117.97000122070312
2026-01-23,EZU,66.47000122070312
2026-01-23,TSM,333.9290466308594
2026-01-26,SPY,690.84326171875
2026-01-26,EWJ,84.62999725341797
2026-01-26,EWY,117.31999969482422
2026-01-26,EZU,66.94999694824219
2026-01-26,TSM,331.7751159667969
2026-01-27,SPY,693.5957641601562
2026-01-27,EWJ,85.83999633789062
2026-01-27,EWY,122.69999694824219
2026-01-27,EZU,68.0
2026-01-27,TSM,337.3893127441406
2026-01-28,SPY,693.5259399414062
2026-01-28,EWJ,85.20999908447266
2026-01-28,EWY,125.55999755859375
2026-01-28,EZU,67.16999816894531
2026-01-28,TSM,341.3381652832031
2026-01-29,SPY,692.1497192382812
2026-01-29,EWJ,86.08999633789062
2026-01-29,EWY,124.5
2026-01-29,EZU,67.20999908447266
2026-01-29,TSM,338.59588623046875
2026-01-30,SPY,690.0853271484375
2026-01-30,EWJ,85.72000122070312
2026-01-30,EWY,122.41000366210938
2026-01-30,EZU,66.66000366210938
2026-01-30,TSM,329.63116455078125
2026-02-02,SPY,693.5159912109375
2026-02-02,EWJ,85.88999938964844
2026-02-02,EWY,120.93000030517578
2026-02-02,EZU,67.2699966430664
2026-02-02,TSM,340.40081787109375
2026-02-03,SPY,687.6520385742188
2026-02-03,EWJ,86.68000030517578
2026-02-03,EWY,124.31999969482422
2026-02-03,EZU,67.06999969482422
2026-02-03,TSM,334.80657958984375
2026-02-04,SPY,684.3211059570312
2026-02-04,EWJ,87.48999786376953
2026-02-04,EWY,120.26000213623047
2026-02-04,EZU,66.87999725341797
2026-02-04,TSM,324.82470703125
2026-02-05,SPY,675.7744750976562
2026-02-05,EWJ,86.0999984741211
2026-02-05,EWY,120.20999908447266
2026-02-05,EZU,66.16000366210938
2026-02-05,TSM,329.8006896972656
2026-02-06,SPY,688.739013671875
2026-02-06,EWJ,89.4000015258789
2026-02-06,EWY,124.70999908447266
2026-02-06,EZU,67.3499984741211
2026-02-06,TSM,347.8697814941406
2026-02-09,SPY,692.0599975585938
2026-02-09,EWJ,91.29000091552734
2026-02-09,EWY,126.05000305175781
2026-02-09,EZU,68.38999938964844
2026-02-09,TSM,354.4113464355469
2026-02-10,SPY,690.2349243164062
2026-02-10,EWJ,93.0999984741211
2026-02-10,EWY,124.44999694824219
2026-02-10,EZU,68.19999694824219
2026-02-10,TSM,360.89306640625
2026-02-11,SPY,690.075439453125
2026-02-11,EWJ,93.97000122070312
2026-02-11,EWY,130.60000610351562
2026-02-11,EZU,68.26000213623047
2026-02-11,TSM,373.0388488769531
2026-02-12,SPY,679.41455078125
2026-02-12,EWJ,93.37000274658203
2026-02-12,EWY,130.8000030517578
2026-02-12,EZU,67.62999725341797
2026-02-12,TSM,367.065673828125
2026-02-13,SPY,679.8931884765625
2026-02-13,EWJ,93.8499984741211
2026-02-13,EWY,133.97000122070312
2026-02-13,EZU,67.37000274658203
2026-02-13,TSM,365.33056640625
2026-02-17,SPY,680.9901733398438
2026-02-17,EWJ,91.87000274658203
2026-02-17,EWY,130.67999267578125
2026-02-17,EZU,67.87999725341797
2026-02-17,TSM,363.1766662597656
2026-02-18,SPY,684.4208374023438
2026-02-18,EWJ,91.37999725341797
2026-02-18,EWY,132.92999267578125
2026-02-18,EZU,68.12000274658203
2026-02-18,TSM,361.2420959472656
2026-02-19,SPY,682.61572265625
2026-02-19,EWJ,91.19999694824219
2026-02-19,EWY,135.2100067138672
2026-02-19,EZU,67.80999755859375
2026-02-19,TSM,359.3773498535156
2026-02-20,SPY,687.5523071289062
2026-02-20,EWJ,91.47000122070312
2026-02-20,EWY,141.8800048828125
2026-02-20,EZU,68.68000030517578
2026-02-20,TSM,369.49884033203125
2026-02-23,SPY,680.531494140625
2026-02-23,EWJ,91.38999938964844
2026-02-23,EWY,139.3000030517578
2026-02-23,EZU,68.43000030517578
2026-02-23,TSM,369.000244140625
2026-02-24,SPY,685.4779052734375
2026-02-24,EWJ,91.2300033569336
2026-02-24,EWY,144.5500030517578
2026-02-24,EZU,68.54000091552734
2026-02-24,TSM,384.66607666015625
2026-02-25,SPY,691.26220703125
2026-02-25,EWJ,92.44000244140625
2026-02-25,EWY,148.88999938964844
2026-02-25,EZU,69.2300033569336
2026-02-25,TSM,386.6405334472656
2026-02-26,SPY,687.422607421875
2026-02-26,EWJ,92.4800033569336
2026-02-26,EWY,150.41000366210938
2026-02-26,EZU,69.05999755859375
2026-02-26,TSM,375.751220703125
2026-02-27,SPY,684.1216430664062
2026-02-27,EWJ,92.37000274658203
2026-02-27,EWY,151.3699951171875
2026-02-27,EZU,68.58000183105469
2026-02-27,TSM,373.5274658203125
2026-03-02,SPY,684.5106201171875
2026-03-02,EWJ,90.19999694824219
2026-03-02,EWY,147.5399932861328
2026-03-02,EZU,66.80999755859375
2026-03-02,TSM,368.07281494140625
2026-03-03,SPY,678.4771118164062
2026-03-03,EWJ,86.83000183105469
2026-03-03,EWY,132.33999633789062
2026-03-03,EZU,64.52999877929688
2026-03-03,TSM,352.13775634765625
2026-03-04,SPY,683.2639770507812
2026-03-04,EWJ,88.58999633789062
2026-03-04,EWY,134.3699951171875
2026-03-04,EZU,65.33000183105469
2026-03-04,TSM,356.4356384277344
2026-03-05,SPY,679.4544067382812
2026-03-05,EWJ,85.88999938964844
2026-03-05,EWY,125.73999786376953
2026-03-05,EZU,63.959999084472656
2026-03-05,TSM,352.8656921386719
2026-03-06,SPY,670.5487060546875
2026-03-06,EWJ,84.7699966430664
2026-03-06,EWY,126.7300033569336
2026-03-06,EZU,63.310001373291016
2026-03-06,TSM,337.9377746582031
2026-03-09,SPY,676.4227294921875
2026-03-09,EWJ,85.63999938964844
2026-03-09,EWY,133.88999938964844
2026-03-09,EZU,63.869998931884766
2026-03-09,TSM,347.72021484375
2026-03-10,SPY,675.3356323242188
2026-03-10,EWJ,86.45999908447266
2026-03-10,EWY,130.3000030517578
2026-03-10,EZU,64.04000091552734
2026-03-10,TSM,346.1147155761719
2026-03-11,SPY,674.4879760742188
2026-03-11,EWJ,85.7300033569336
2026-03-11,EWY,132.85000610351562
2026-03-11,EZU,64.04000091552734
2026-03-11,TSM,353.563720703125
2026-03-12,SPY,664.2459106445312
2026-03-12,EWJ,84.19000244140625
2026-03-12,EWY,123.5
2026-03-12,EZU,62.9900016784668
2026-03-12,TSM,335.7638854980469
2026-03-13,SPY,660.4862060546875
2026-03-13,EWJ,83.36000061035156
2026-03-13,EWY,124.1500015258789
2026-03-13,EZU,62.16999816894531
2026-03-13,TSM,337.359375
2026-03-16,SPY,667.2078857421875
2026-03-16,EWJ,85.06999969482422
2026-03-16,EWY,133.10000610351562
2026-03-16,EZU,63.209999084472656
2026-03-16,TSM,339.2740173339844
2026-03-17,SPY,668.9630126953125
2026-03-17,EWJ,85.08000183105469
2026-03-17,EWY,134.42999267578125
2026-03-17,EZU,63.529998779296875
2026-03-17,TSM,345.9800109863281
2026-03-18,SPY,659.6285400390625
2026-03-18,EWJ,84.1500015258789
2026-03-18,EWY,131.8800048828125
2026-03-18,EZU,62.38999938964844
2026-03-18,TSM,339.57000732421875
2026-03-19,SPY,658.0029907226562
2026-03-19,EWJ,84.08000183105469
2026-03-19,EWY,134.82000732421875
2026-03-19,EZU,62.40999984741211
2026-03-19,TSM,338.7900085449219
2026-03-20,SPY,648.5700073242188
2026-03-20,EWJ,81.19999694824219
2026-03-20,EWY,125.77999877929688
2026-03-20,EZU,60.189998626708984
2026-03-20,TSM,329.239990234375
2026-03-23,SPY,655.3800048828125
2026-03-23,EWJ,83.55000305175781
2026-03-23,EWY,133.80999755859375
2026-03-23,EZU,61.900001525878906
2026-03-23,TSM,338.45001220703125
2026-03-24,SPY,653.1799926757812
2026-03-24,EWJ,83.27999877929688
2026-03-24,EWY,128.75
2026-03-24,EZU,61.529998779296875
2026-03-24,TSM,343.25
2026-03-25,SPY,656.8200073242188
2026-03-25,EWJ,84.75
2026-03-25,EWY,127.73999786376953
2026-03-25,EZU,62.279998779296875
2026-03-25,TSM,347.75
2026-03-26,SPY,645.0900268554688
2026-03-26,EWJ,82.70999908447266
2026-03-26,EWY,119.98999786376953
2026-03-26,EZU,60.9900016784668
2026-03-26,TSM,326.1099853515625
2026-03-27,SPY,634.0900268554688
2026-03-27,EWJ,81.43000030517578
2026-03-27,EWY,120.9800033569336
2026-03-27,EZU,60.25
2026-03-27,TSM,326.739990234375
2026-03-30,SPY,631.969970703125
2026-03-30,EWJ,81.5199966430664
2026-03-30,EWY,116.43000030517578
2026-03-30,EZU,60.349998474121094
2026-03-30,TSM,316.5
2026-03-31,SPY,650.3400268554688
2026-03-31,EWJ,84.44000244140625
2026-03-31,EWY,123.01000213623047
2026-03-31,EZU,62.63999938964844
2026-03-31,TSM,337.95001220703125
2026-04-01,SPY,655.239990234375
2026-04-01,EWJ,86.4800033569336
2026-04-01,EWY,126.22000122070312
2026-04-01,EZU,63.52000045776367
2026-04-01,TSM,341.489990234375
2026-04-02,SPY,655.8300170898438
2026-04-02,EWJ,85.29000091552734
2026-04-02,EWY,122.87000274658203
2026-04-02,EZU,63.11000061035156
2026-04-02,TSM,339.0400085449219
2026-04-06,SPY,658.9299926757812
2026-04-06,EWJ,85.56999969482422
2026-04-06,EWY,125.94000244140625
2026-04-06,EZU,63.56999969482422
2026-04-06,TSM,341.760009765625
2026-04-07,SPY,659.219970703125
2026-04-07,EWJ,85.51000213623047
2026-04-07,EWY,127.19000244140625
2026-04-07,EZU,63.4900016784668
2026-04-07,TSM,345.32000732421875
2026-04-08,SPY,676.010009765625
2026-04-08,EWJ,89.41000366210938
2026-04-08,EWY,140.07000732421875
2026-04-08,EZU,66.26000213623047
2026-04-08,TSM,365.8999938964844
2026-04-09,SPY,679.9099731445312
2026-04-09,EWJ,88.22000122070312
2026-04-09,EWY,139.2899932861328
2026-04-09,EZU,66.3499984741211
2026-04-09,TSM,365.489990234375
2026-04-10,SPY,679.4600219726562
2026-04-10,EWJ,88.12999725341797
2026-04-10,EWY,138.72999572753906
2026-04-10,EZU,66.5999984741211
2026-04-10,TSM,370.6000061035156
2026-04-13,SPY,686.0999755859375
2026-04-13,EWJ,88.3499984741211
2026-04-13,EWY,141.22999572753906
2026-04-13,EZU,67.08000183105469
2026-04-13,TSM,369.57000732421875
2026-04-14,SPY,694.4600219726562
2026-04-14,EWJ,89.41000366210938
2026-04-14,EWY,146.67999267578125
2026-04-14,EZU,67.69999694824219
2026-04-14,TSM,379.8900146484375
2026-04-15,SPY,699.9400024414062
2026-04-15,EWJ,89.06999969482422
2026-04-15,EWY,144.9199981689453
2026-04-15,EZU,67.41999816894531
2026-04-15,TSM,375.1000061035156
2026-04-16,SPY,701.6599731445312
2026-04-16,EWJ,89.41000366210938
2026-04-16,EWY,147.47000122070312
2026-04-16,EZU,67.04000091552734
2026-04-16,TSM,363.3500061035156
2026-04-17,SPY,710.1400146484375
2026-04-17,EWJ,90.19000244140625
2026-04-17,EWY,152.3300018310547
2026-04-17,EZU,68.22000122070312
2026-04-17,TSM,370.5
2026-04-20,SPY,708.719970703125
2026-04-20,EWJ,89.33000183105469
2026-04-20,EWY,150.08999633789062
2026-04-20,EZU,67.94999694824219
2026-04-20,TSM,366.239990234375
2026-04-21,SPY,704.0800170898438
2026-04-21,EWJ,87.13999938964844
2026-04-21,EWY,146.7899932861328
2026-04-21,EZU,66.47000122070312
2026-04-21,TSM,368.0799865722656
2026-04-22,SPY,711.2100219726562
2026-04-22,EWJ,87.76000213623047
2026-04-22,EWY,155.8000030517578
2026-04-22,EZU,66.55999755859375
2026-04-22,TSM,387.44000244140625
2026-04-23,SPY,708.4500122070312
2026-04-23,EWJ,87.06999969482422
2026-04-23,EWY,150.58999633789062
2026-04-23,EZU,65.95999908447266
2026-04-23,TSM,382.6600036621094
2026-04-24,SPY,713.9400024414062
2026-04-24,EWJ,87.31999969482422
2026-04-24,EWY,154.57000732421875
2026-04-24,EZU,66.51000213623047
2026-04-24,TSM,402.4599914550781
2026-04-27,SPY,715.1699829101562
2026-04-27,EWJ,87.68000030517578
2026-04-27,EWY,156.72999572753906
2026-04-27,EZU,66.1500015258789
2026-04-27,TSM,404.9800109863281
2026-04-28,SPY,711.6900024414062
2026-04-28,EWJ,87.55999755859375
2026-04-28,EWY,154.3699951171875
2026-04-28,EZU,65.80999755859375
2026-04-28,TSM,392.3399963378906
2026-04-29,SPY,711.5800170898438
2026-04-29,EWJ,86.80999755859375
2026-04-29,EWY,153.9600067138672
2026-04-29,EZU,65.16000366210938
2026-04-29,TSM,393.8299865722656
2026-04-30,SPY,718.6599731445312
2026-04-30,EWJ,89.0999984741211
2026-04-30,EWY,160.75999450683594
2026-04-30,EZU,66.62000274658203
2026-04-30,TSM,396.05999755859375
2026-05-01,SPY,720.6500244140625
2026-05-01,EWJ,88.30000305175781
2026-05-01,EWY,162.0
2026-05-01,EZU,66.69000244140625
2026-05-01,TSM,397.6700134277344
2026-05-04,SPY,718.010009765625
2026-05-04,EWJ,88.12000274658203
2026-05-04,EWY,163.58999633789062
2026-05-04,EZU,65.12000274658203
2026-05-04,TSM,401.6099853515625
2026-05-05,SPY,723.77001953125
2026-05-05,EWJ,89.26000213623047
2026-05-05,EWY,173.47000122070312
2026-05-05,EZU,66.58999633789062
2026-05-05,TSM,394.4100036621094
2026-05-06,SPY,733.8300170898438
2026-05-06,EWJ,91.68000030517578
2026-05-06,EWY,181.97999572753906
2026-05-06,EZU,68.72000122070312
2026-05-06,TSM,419.5
2026-05-07,SPY,731.5800170898438
2026-05-07,EWJ,90.98999786376953
2026-05-07,EWY,176.75
2026-05-07,EZU,67.19999694824219
2026-05-07,TSM,414.1499938964844
2026-05-08,SPY,737.6199951171875
2026-05-08,EWJ,92.22000122070312
2026-05-08,EWY,190.1999969482422
2026-05-08,EZU,67.86000061035156
2026-05-08,TSM,411.67999267578125
2026-05-11,SPY,739.2999877929688
2026-05-11,EWJ,92.26000213623047
2026-05-11,EWY,192.85000610351562
2026-05-11,EZU,67.61000061035156
2026-05-11,TSM,404.5400085449219
2026-05-12,SPY,738.1799926757812
2026-05-12,EWJ,92.05999755859375
2026-05-12,EWY,178.5
2026-05-12,EZU,66.77999877929688
2026-05-12,TSM,397.2799987792969
2026-05-13,SPY,742.3099975585938
2026-05-13,EWJ,93.08999633789062
2026-05-13,EWY,188.6300048828125
2026-05-13,EZU,67.26000213623047
2026-05-13,TSM,399.79998779296875
2026-05-14,SPY,748.1699829101562
2026-05-14,EWJ,92.05999755859375
2026-05-14,EWY,190.52000427246094
2026-05-14,EZU,67.29000091552734
2026-05-14,TSM,417.7200012207031
2026-05-15,SPY,739.1699829101562
2026-05-15,EWJ,91.06999969482422
2026-05-15,EWY,178.86000061035156
2026-05-15,EZU,65.94000244140625
2026-05-15,TSM,404.3500061035156
2026-05-18,SPY,738.6500244140625
2026-05-18,EWJ,90.91999816894531
2026-05-18,EWY,176.10000610351562
2026-05-18,EZU,66.7699966430664
2026-05-18,TSM,395.95001220703125
2026-05-19,SPY,733.72998046875
2026-05-19,EWJ,90.29000091552734
2026-05-19,EWY,174.02000427246094
2026-05-19,EZU,66.20999908447266
2026-05-19,TSM,392.6099853515625
2026-05-20,SPY,741.25
2026-05-20,EWJ,91.20999908447266
2026-05-20,EWY,180.11000061035156
2026-05-20,EZU,67.83000183105469
2026-05-20,TSM,401.6199951171875
2026-05-21,SPY,742.719970703125
2026-05-21,EWJ,91.37000274658203
2026-05-21,EWY,186.4199981689453
2026-05-21,EZU,68.2699966430664
2026-05-21,TSM,407.1499938964844
2026-05-22,SPY,745.6400146484375
2026-05-22,EWJ,91.61000061035156
2026-05-22,EWY,182.02999877929688
2026-05-22,EZU,68.01000213623047
2026-05-22,TSM,404.5199890136719
2026-05-26,SPY,750.5900268554688
2026-05-26,EWJ,92.9000015258789
2026-05-26,EWY,200.64999389648438
2026-05-26,EZU,69.16000366210938
2026-05-26,TSM,412.32000732421875
2026-05-27,SPY,750.4600219726562
2026-05-27,EWJ,92.29000091552734
2026-05-27,EWY,198.2899932861328
2026-05-27,EZU,68.98999786376953
2026-05-27,TSM,422.7300109863281
2026-05-28,SPY,754.5999755859375
2026-05-28,EWJ,92.69999694824219
2026-05-28,EWY,206.41000366210938
2026-05-28,EZU,68.80000305175781
2026-05-28,TSM,424.8599853515625
2026-05-29,SPY,756.47998046875
2026-05-29,EWJ,92.95999908447266
2026-05-29,EWY,205.8300018310547
2026-05-29,EZU,68.77999877929688
2026-05-29,TSM,418.45001220703125
